Sample_Name,Order_pre,Date_MMDDYYYY_pre,Year,Phase_1_treat,Phase_1_rep,Phase_2_treat,Phase_2_rep,Tag_color,Tag_num,Submerged_weight_pre,Dry_weight_pre,Notes_pre,Order_post,Date_MMDDYYYY_post,Submerged_weight_post,Dry_weight_post,double_single_dead,Notes_post,Actual_shell_pre_mg,Actual_shell_post_mg,Actual_shell_growth_mg,Actual_tissue_pre_mg,Actual_tissue_post_mg,Actual_tissue_growth_mg,Ratio_tissue_shell_mg,Phase_1_temp,Phase_1_DO
2024_Both01_Null_O1,98,5312024,2024,Both,01,null,null,O,1,20.9,55.1,NA,1,6262024,47.6,119.3,single,NA,30.76476,73.04154,42.27678,24.33524,46.25846,21.92322,0.518564091,Warm,Hyp
2024_Both01_Null_O2,99,5312024,2024,Both,01,null,null,O,2,27.4,74.3,NA,2,6262024,67.6,180.3,double,NA,41.05686,104.70954,63.65268,33.24314,75.59046,42.34732,0.665287306,Warm,Hyp
2024_Both01_Null_O3,100,5312024,2024,Both,01,null,null,O,3,26.7,73,NA,3,6262024,75.7,178.5,single,NA,39.94848,117.53508,77.5866,33.05152,60.96492,27.9134,0.359770888,Warm,Hyp
2024_Both01_Null_O4,101,5312024,2024,Both,01,null,null,O,4,43.4,133.3,NA,4,6262024,142.8,438.9,double,NA,66.39126,223.78122,157.38996,66.90874,215.11878,148.21004,0.941674043,Warm,Hyp
2024_Both01_Null_O5,102,5312024,2024,Both,01,null,null,O,5,19.6,72.3,NA,5,6262024,7.3,12.8,dead,NA,28.70634,9.23052,-19.47582,43.59366,3.56948,-40.02418,2.055070339,Warm,Hyp
2024_Both01_Null_O6,104,5312024,2024,Both,01,null,null,O,6,39.6,116.3,NA,6,6262024,154.1,415.1,double,NA,60.37434,241.67364,181.2993,55.92566,173.42636,117.5007,0.64810344,Warm,Hyp
2024_Both01_Null_O7,105,5312024,2024,Both,01,null,null,O,7,28.9,72.2,NA,7,6262024,55.4,136.6,single?,NA,43.43196,85.39206,41.9601,28.76804,51.20794,22.4399,0.534791385,Warm,Hyp
2024_Both02_Null_O10,106,5312024,2024,Both,02,null,null,O,10,45,130.3,NA,10,6262024,197.5,498.2,double,"O10 and O15 are suspected to have their dry weights switched - a plot shows these 2 points as outliers with the current dry weights that they have, 9/11/23 we switched the two submerged weights to match what we believe is the actual value after looking at the data sheets and the photos",68.9247,310.3932,241.4685,61.3753,187.8068,126.4315,0.523594175,Warm,Hyp
2024_Both02_Null_O11,107,5312024,2024,Both,02,null,null,O,11,27.9,73.8,NA,11,6262024,63.2,158.1,single,NA,41.84856,97.74258,55.89402,31.95144,60.35742,28.40598,0.508211433,Warm,Hyp
2024_Both02_Null_O12,108,5312024,2024,Both,02,null,null,O,12,27.8,81.1,NA,12,6262024,122.8,311.9,single,NA,41.69022,192.11322,150.423,39.40978,119.78678,80.377,0.534339828,Warm,Hyp
2024_Both02_Null_O13,109,5312024,2024,Both,02,null,null,O,13,52.9,159.6,NA,13,6262024,191.2,556.4,triple,NA,81.43356,300.41778,218.98422,78.16644,255.98222,177.81578,0.81200271,Warm,Hyp
2024_Both02_Null_O14,110,5312024,2024,Both,02,null,null,O,14,33.4,106.3,NA,14,6262024,277,755.5,double,NA,50.55726,436.2735,385.71624,55.74274,319.2265,263.48376,0.683102583,Warm,Hyp
2024_Both02_Null_O15,111,5312024,2024,Both,02,null,null,O,15,26.9,92.8,NA,15,6262024,70.1,207.7,double,"O10 and O15 are suspected to have their dry weights switched - a plot shows these 2 points as outliers with the current dry weights that they have, 9/11/23 we switched the two submerged weights to match what we believe is the actual value after looking at the photos and data sheets",40.26516,108.66804,68.40288,52.53484,99.03196,46.49712,0.679753835,Warm,Hyp
2024_Both02_Null_O16,112,5312024,2024,Both,02,null,null,O,16,45.9,122.5,NA,16,6262024,132.1,378,double,NA,70.34976,206.83884,136.48908,52.15024,171.16116,119.01092,0.871944627,Warm,Hyp
2024_Both02_Null_O9,103,5312024,2024,Both,02,null,null,O,9,16.5,42.4,NA,9,6262024,21.1,55.8,single,NA,23.7978,31.08144,7.28364,18.6022,24.71856,6.11636,0.839739471,Warm,Hyp
2024_Both03_Null_O17,113,5312024,2024,Both,03,null,null,O,17,95.1,257.2,NA,17,6262024,199.4,552.3,double,NA,148.25304,313.40166,165.14862,108.94696,238.89834,129.95138,0.786875361,Warm,Hyp
2024_Both03_Null_O18,114,5312024,2024,Both,03,null,null,O,18,48.4,154.2,NA,18,6262024,96.1,287.6,double,NA,74.30826,149.83644,75.52818,79.89174,137.76356,57.87182,0.766228181,Warm,Hyp
2024_Both03_Null_O19,115,5312024,2024,Both,03,null,null,O,19,37.4,103.9,NA,19,6262024,200.6,522.2,double,NA,56.89086,315.30174,258.41088,47.00914,206.89826,159.88912,0.618739892,Warm,Hyp
2024_Both03_Null_O20,116,5312024,2024,Both,03,null,null,O,20,37,102,NA,20,6262024,119,300.4,double,NA,56.2575,186.0963,129.8388,45.7425,114.3037,68.5612,0.528048626,Warm,Hyp
2024_Both03_Null_O21,117,5312024,2024,Both,03,null,null,O,21,31.1,101.1,NA,21,6262024,68,208.7,double,NA,46.91544,105.3429,58.42746,54.18456,103.3571,49.17254,0.841599823,Warm,Hyp
2024_Both03_Null_O22,118,5312024,2024,Both,03,null,null,O,22,39.3,147.9,NA,22,6262024,88.2,252.7,double,NA,59.89932,137.32758,77.42826,88.00068,115.37242,27.37174,0.353510979,Warm,Hyp
2024_Both03_Null_O23,119,5312024,2024,Both,03,null,null,O,23,16.3,42.3,NA,23,6262024,78.6,193.2,double,NA,23.48112,122.12694,98.64582,18.81888,71.07306,52.25418,0.529715096,Warm,Hyp
2024_Both03_Null_O24,120,5312024,2024,Both,03,null,null,O,24,35.3,107.2,NA,24,6262024,111.7,317.9,double,NA,53.56572,174.53748,120.97176,53.63428,143.36252,89.72824,0.741728813,Warm,Hyp
2024_Both04_Null_O25,121,5312024,2024,Both,04,null,null,O,25,28.2,102.8,NA,25,6262024,33,85.3,double,NA,42.32358,49.9239,7.60032,60.47642,35.3761,-25.10032,-3.30253463,Warm,Hyp
2024_Both04_Null_O26,122,5312024,2024,Both,04,null,null,O,26,58.7,153.6,NA,26,6262024,308.8,733,double,NA,90.61728,486.62562,396.00834,62.98272,246.37438,183.39166,0.463100499,Warm,Hyp
2024_Both04_Null_O27,123,5312024,2024,Both,04,null,null,O,27,32.9,95.2,NA,27,6262024,61.9,158.5,double,NA,49.76556,95.68416,45.9186,45.43444,62.81584,17.3814,0.378526349,Warm,Hyp
2024_Both04_Null_O28,124,5312024,2024,Both,04,null,null,O,28,35.2,98.2,NA,28,6262024,102.3,286.3,double,NA,53.40738,159.65352,106.24614,44.79262,126.64648,81.85386,0.770417259,Warm,Hyp
2024_Both04_Null_O29,125,5312024,2024,Both,04,null,null,O,29,15.8,49.7,NA,29,6262024,43.6,124.6,double,NA,22.68942,66.70794,44.01852,27.01058,57.89206,30.88148,0.701556527,Warm,Hyp
2024_Both04_Null_O30,126,5312024,2024,Both,04,null,null,O,30,41.1,128.2,NA,30,6262024,134.4,393.3,double,NA,62.74944,210.48066,147.73122,65.45056,182.81934,117.36878,0.794475129,Warm,Hyp
2024_Both04_Null_O31,127,5312024,2024,Both,04,null,null,O,31,28.7,75.7,NA,31,6262024,24.6,44.6,dead,NA,43.11528,36.62334,-6.49194,32.58472,7.97666,-24.60806,3.790555674,Warm,Hyp
2024_Both04_Null_O32,128,5312024,2024,Both,04,null,null,O,32,34,117.7,NA,32,6262024,125.6,368.1,single,NA,51.5073,196.54674,145.03944,66.1927,171.55326,105.36056,0.726426964,Warm,Hyp
2024_Both05_Null_O33,129,5312024,2024,Both,05,null,null,O,33,58.9,162.9,NA,33,6262024,257.4,685.3,double,NA,90.93396,405.23886,314.3049,71.96604,280.06114,208.0951,0.662080356,Warm,Hyp
2024_Both05_Null_O34,130,5312024,2024,Both,05,null,null,O,34,9.1,30.2,NA,34,6262024,4.7,13.2,dead,NA,12.08064,5.11368,-6.96696,18.11936,8.08632,-10.03304,1.440088647,Warm,Hyp
2024_Both05_Null_O35,131,5312024,2024,Both,05,null,null,O,35,33.4,121.1,NA,35,6262024,233.4,654.4,triple,NA,50.55726,367.23726,316.68,70.54274,287.16274,216.62,0.684034356,Warm,Hyp
2024_Both05_Null_O36,132,5312024,2024,Both,05,null,null,O,36,34.4,92.1,NA,36,6262024,55.1,150.1,single,NA,52.14066,84.91704,32.77638,39.95934,65.18296,25.22362,0.769566987,Warm,Hyp
2024_Both05_Null_O37,133,5312024,2024,Both,05,null,null,O,37,17.3,50.5,NA,37,6262024,16.8,32.4,dead,NA,25.06452,24.27282,-0.7917,25.43548,8.12718,-17.3083,21.86219528,Warm,Hyp
2024_Both05_Null_O38,134,5312024,2024,Both,05,null,null,O,38,49.6,149.1,NA,38,6262024,143.8,379.4,double,NA,76.20834,225.36462,149.15628,72.89166,154.03538,81.14372,0.544018126,Warm,Hyp
2024_Both05_Null_O39,135,5312024,2024,Both,05,null,null,O,39,38.7,110.2,NA,39,6262024,160.6,459.1,triple,NA,58.94928,251.96574,193.01646,51.25072,207.13426,155.88354,0.807617858,Warm,Hyp
2024_Both05_Null_O40,136,5312024,2024,Both,05,null,null,O,40,18.1,66.2,"replaced dead one, won't be in order in photo",40,6262024,79.2,205,double,NA,26.33124,123.07698,96.74574,39.86876,81.92302,42.05426,0.434688494,Warm,Hyp
2024_Both06_Null_O41,137,5312024,2024,Both,06,null,null,O,41,47.3,131.3,NA,41,6262024,215.8,607.4,double,NA,72.56652,339.36942,266.8029,58.73348,268.03058,209.2971,0.784463362,Warm,Hyp
2024_Both06_Null_O42,138,5312024,2024,Both,06,null,null,O,42,36.6,103.2,NA,42,6262024,148.4,439.4,double,NA,55.62414,232.64826,177.02412,47.57586,206.75174,159.17588,0.899176225,Warm,Hyp
2024_Both06_Null_O43,139,5312024,2024,Both,06,null,null,O,43,37.2,108.7,NA,43,6262024,140.5,390.4,double,NA,56.57418,220.1394,163.56522,52.12582,170.2606,118.13478,0.722248776,Warm,Hyp
2024_Both06_Null_O44,140,5312024,2024,Both,06,null,null,O,44,48.5,130.3,NA,44,6262024,152.7,428.9,double,NA,74.4666,239.45688,164.99028,55.8334,189.44312,133.60972,0.809803584,Warm,Hyp
2024_Both06_Null_O45,141,5312024,2024,Both,06,null,null,O,45,24.2,76.2,NA,45,6262024,138.7,407.2,double,NA,35.98998,217.28928,181.2993,40.21002,189.91072,149.7007,0.825710303,Warm,Hyp
2024_Both06_Null_O46,142,5312024,2024,Both,06,null,null,O,46,32.2,126.3,NA,46,6262024,130.2,341,double,NA,48.65718,203.83038,155.1732,77.64282,137.16962,59.5268,0.383615212,Warm,Hyp
2024_Both06_Null_O47,143,5312024,2024,Both,06,null,null,O,47,32.9,90.9,NA,47,6262024,107.3,196.4,single,NA,49.76556,167.57052,117.80496,41.13444,28.82948,-12.30496,-0.104451969,Warm,Hyp
2024_Both06_Null_O48,144,5312024,2024,Both,06,null,null,O,48,26.9,79.5,NA,48,6262024,40.7,111.9,single,NA,40.26516,62.11608,21.85092,39.23484,49.78392,10.54908,0.482775096,Warm,Hyp
2024_Both1_Null_O98,145,5312024,2024,Both,01,null,null,O,98,38.6,105,"#8 fell off, replaced with #98 instead",8,6262024,85.8,221.5,double,subbed in for #8 before phase 1,58.79094,133.52742,74.73648,46.20906,87.97258,41.76352,0.558810369,Warm,Hyp
2024_Cont01_Null_W1,146,5312024,2024,Cont,01,null,null,W,1,47.4,134.7,NA,49,6262024,194.2,504.1,single,NA,72.72486,305.16798,232.44312,61.97514,198.93202,136.95688,0.589205996,Ambient,Norm
2024_Cont01_Null_W2,147,5312024,2024,Cont,01,null,null,W,2,53.8,156.2,NA,50,6262024,392.7,1084.6,unknown right now but likely double,NA,82.85862,619.47288,536.61426,73.34138,465.12712,391.78574,0.730106837,Ambient,Norm
2024_Cont01_Null_W3,148,5312024,2024,Cont,01,null,null,W,3,47.6,128.8,NA,51,6262024,85.1,248.3,unknown right now but likely double,NA,73.04154,132.41904,59.3775,55.75846,115.88096,60.1225,1.01254684,Ambient,Norm
2024_Cont01_Null_W4,149,5312024,2024,Cont,01,null,null,W,4,47.7,137.1,NA,52,6262024,231.4,660.3,unknown right now but likely double,NA,73.19988,364.07046,290.87058,63.90012,296.22954,232.32942,0.798738119,Ambient,Norm
2024_Cont01_Null_W5,150,5312024,2024,Cont,01,null,null,W,5,47.3,121,NA,53,6262024,137.3,368.4,single,NA,72.56652,215.07252,142.506,48.43348,153.32748,104.894,0.736067253,Ambient,Norm
2024_Cont01_Null_W6,151,5312024,2024,Cont,01,null,null,W,6,37.6,114.4,NA,54,6262024,191.6,535.4,unknown right now but likely double,NA,57.20754,301.05114,243.8436,57.19246,234.34886,177.1564,0.726516505,Ambient,Norm
2024_Cont01_Null_W7,152,5312024,2024,Cont,01,null,null,W,7,44.7,118.9,NA,55,6262024,206.1,530.4,unknown right now but likely double,NA,68.44968,324.01044,255.56076,50.45032,206.38956,155.93924,0.6101846,Ambient,Norm
2024_Cont01_Null_W8,153,5312024,2024,Cont,01,null,null,W,8,26.1,83.3,NA,56,6262024,21.4,47.1,dead,NA,38.99844,31.55646,-7.44198,44.30156,15.54354,-28.75802,3.864296867,Ambient,Norm
2024_Cont02_Null_W10,155,5312024,2024,Cont,02,null,null,W,10,25.5,68.9,NA,58,6262024,160.5,455.8,double,NA,38.0484,251.8074,213.759,30.8516,203.9926,173.141,0.80998227,Ambient,Norm
2024_Cont02_Null_W11,156,5312024,2024,Cont,02,null,null,W,11,39.2,107.5,NA,59,6262024,109.4,286.8,double,NA,59.74098,170.89566,111.15468,47.75902,115.90434,68.14532,0.613067484,Ambient,Norm
2024_Cont02_Null_W12,157,5312024,2024,Cont,02,null,null,W,12,29.6,89.1,NA,60,6262024,333.6,969.4,triple,NA,44.54034,525.89394,481.3536,44.55966,443.50606,398.9464,0.828801114,Ambient,Norm
2024_Cont02_Null_W13,158,5312024,2024,Cont,02,null,null,W,13,33.4,89.4,NA,61,6262024,138.4,354.3,single,NA,50.55726,216.81426,166.257,38.84274,137.48574,98.643,0.593316372,Ambient,Norm
2024_Cont02_Null_W14,159,5312024,2024,Cont,02,null,null,W,14,33.5,102.6,NA,62,6262024,171.2,452.1,triple,NA,50.7156,268.74978,218.03418,51.8844,183.35022,131.46582,0.602959683,Ambient,Norm
2024_Cont02_Null_W15,160,5312024,2024,Cont,02,null,null,W,15,19.5,56.1,NA,63,6262024,103.2,291.7,single,NA,28.548,161.07858,132.53058,27.552,130.62142,103.06942,0.777702927,Ambient,Norm
2024_Cont02_Null_W16,161,5312024,2024,Cont,02,null,null,W,16,34.6,103.1,NA,64,6262024,207.9,573.2,double,NA,52.45734,326.86056,274.40322,50.64266,246.33944,195.69678,0.713172316,Ambient,Norm
2024_Cont02_Null_W9,154,5312024,2024,Cont,02,null,null,W,9,64.8,183.7,NA,57,6262024,397.7,1064.2,triple,NA,100.27602,627.38988,527.11386,83.42398,436.81012,353.38614,0.67041709,Ambient,Norm
2024_Cont03_Null_W17,162,5312024,2024,Cont,03,null,null,W,17,38.1,94.9,NA,69,6262024,98.8,231.8,double,NA,57.99924,154.11162,96.11238,36.90076,77.68838,40.78762,0.424374259,Ambient,Norm
2024_Cont03_Null_W18,163,5312024,2024,Cont,03,null,null,W,18,10.2,33.1,NA,72,6262024,26.9,76.8,double,NA,13.82238,40.26516,26.44278,19.27762,36.53484,17.25722,0.652625027,Ambient,Norm
2024_Cont03_Null_W19,164,5312024,2024,Cont,03,null,null,W,19,26.6,67.7,NA,71,6262024,81.4,223.8,double,NA,39.79014,126.56046,86.77032,27.90986,97.23954,69.32968,0.799002239,Ambient,Norm
2024_Cont03_Null_W20,165,5312024,2024,Cont,03,null,null,W,20,51.9,145.6,NA,68,6262024,203.5,668,double,NA,79.85016,319.8936,240.04344,65.74984,348.1064,282.35656,1.176272761,Ambient,Norm
2024_Cont03_Null_W21,166,5312024,2024,Cont,03,null,null,W,21,36.9,101.5,NA,66,6262024,114.9,286.5,single,NA,56.09916,179.60436,123.5052,45.40084,106.89564,61.4948,0.497912638,Ambient,Norm
2024_Cont03_Null_W22,167,5312024,2024,Cont,03,null,null,W,22,25.4,75.8,NA,65,6262024,26.3,59.4,dead,NA,37.89006,39.31512,1.42506,37.90994,20.08488,-17.82506,-12.50828737,Ambient,Norm
2024_Cont03_Null_W23,168,5312024,2024,Cont,03,null,null,W,23,31,80.7,NA,67,6262024,21.9,73.5,single,NA,46.7571,32.34816,-14.40894,33.9429,41.15184,7.20894,-0.500310224,Ambient,Norm
2024_Cont03_Null_W24,169,5312024,2024,Cont,03,null,null,W,24,54.1,157.4,NA,70,6262024,173.4,467.7,double,NA,83.33364,272.23326,188.89962,74.06636,195.46674,121.40038,0.642671383,Ambient,Norm
2024_Cont04_Null_W25,170,5312024,2024,Cont,04,null,null,W,25,24.7,69.2,NA,73,6262024,7,15,dead,NA,36.78168,8.7555,-28.02618,32.41832,6.2445,-26.17382,0.933906084,Ambient,Norm
2024_Cont04_Null_W26,171,5312024,2024,Cont,04,null,null,W,26,41,105.7,NA,74,6262024,129.7,326.1,double,NA,62.5911,203.03868,140.44758,43.1089,123.06132,79.95242,0.569268762,Ambient,Norm
2024_Cont04_Null_W27,172,5312024,2024,Cont,04,null,null,W,27,34.1,95,NA,75,6262024,208.5,562.8,triple,NA,51.66564,327.8106,276.14496,43.33436,234.9894,191.65504,0.694037798,Ambient,Norm
2024_Cont04_Null_W28,173,5312024,2024,Cont,04,null,null,W,28,27.8,81.2,NA,76,6262024,91.6,236.8,double,NA,41.69022,142.71114,101.02092,39.50978,94.08886,54.57908,0.540275024,Ambient,Norm
2024_Cont04_Null_W29,174,5312024,2024,Cont,04,null,null,W,29,24.7,60,NA,77,6262024,95.4,227.7,single,NA,36.78168,148.72806,111.94638,23.21832,78.97194,55.75362,0.498038615,Ambient,Norm
2024_Cont04_Null_W30,175,5312024,2024,Cont,04,null,null,W,30,43.6,114.8,NA,78,6262024,136.2,357.1,double,NA,66.70794,213.33078,146.62284,48.09206,143.76922,95.67716,0.652539263,Ambient,Norm
2024_Cont04_Null_W31,176,5312024,2024,Cont,04,null,null,W,31,42.2,120.2,NA,79,6262024,121,322.9,double,NA,64.49118,189.2631,124.77192,55.70882,133.6369,77.92808,0.624564245,Ambient,Norm
2024_Cont04_Null_W32,177,5312024,2024,Cont,04,null,null,W,32,43.6,131.5,NA,80,6262024,275.7,714.9,double,NA,66.70794,434.21508,367.50714,64.79206,280.68492,215.89286,0.587452151,Ambient,Norm
2024_Cont05_Null_W33,178,5312024,2024,Cont,05,null,null,W,33,30,123.1,NA,81,6262024,4.2,11.1,dead,NA,45.1737,4.32198,-40.85172,77.9263,6.77802,-71.14828,1.741622629,Ambient,Norm
2024_Cont05_Null_W34,179,5312024,2024,Cont,05,null,null,W,34,72.1,219.1,still wet,82,6262024,448,1128.7,double,NA,111.83484,707.0349,595.20006,107.26516,421.6651,314.39994,0.528225652,Ambient,Norm
2024_Cont05_Null_W35,180,5312024,2024,Cont,05,null,null,W,35,23.5,70.8,NA,83,6262024,121.6,335.5,single,NA,34.8816,190.21314,155.33154,35.9184,145.28686,109.36846,0.704096927,Ambient,Norm
2024_Cont05_Null_W36,181,5312024,2024,Cont,05,null,null,W,36,27.1,68.5,NA,84,6262024,78.7,173,single,NA,40.58184,122.28528,81.70344,27.91816,50.71472,22.79656,0.279015914,Ambient,Norm
2024_Cont05_Null_W37,182,5312024,2024,Cont,05,null,null,W,37,37,109.5,little muck,85,6262024,200.5,576.3,double,NA,56.2575,315.1434,258.8859,53.2425,261.1566,207.9141,0.803110946,Ambient,Norm
2024_Cont05_Null_W38,183,5312024,2024,Cont,05,null,null,W,38,29.2,83.4,NA,86,6262024,80.9,220.8,single,NA,43.90698,125.76876,81.86178,39.49302,95.03124,55.53822,0.678438949,Ambient,Norm
2024_Cont05_Null_W39,184,5312024,2024,Cont,05,null,null,W,39,25.5,65.8,NA,87,6262024,45.7,107.6,single,NA,38.0484,70.03308,31.98468,27.7516,37.56692,9.81532,0.306875667,Ambient,Norm
2024_Cont05_Null_W40,185,5312024,2024,Cont,05,null,null,W,40,42.5,129.6,NA,88,6262024,293.5,885.7,double,NA,64.9662,462.3996,397.4334,64.6338,423.3004,358.6666,0.902457116,Ambient,Norm
2024_Cont06_Null_W41,186,5312024,2024,Cont,06,null,null,W,41,34.2,112.3,NA,89,6262024,254,684.2,double,NA,51.82398,399.8553,348.03132,60.47602,284.3447,223.86868,0.643242913,Ambient,Norm
2024_Cont06_Null_W42,187,5312024,2024,Cont,06,null,null,W,42,18,51.3,NA,90,6262024,66.1,159.5,single,NA,26.1729,102.33444,76.16154,25.1271,57.16556,32.03846,0.420664551,Ambient,Norm
2024_Cont06_Null_W43,188,5312024,2024,Cont,06,null,null,W,43,46,151.2,NA,91,6262024,247.6,814.4,triple,NA,70.5081,389.72154,319.21344,80.6919,424.67846,343.98656,1.077606757,Ambient,Norm
2024_Cont06_Null_W44,189,5312024,2024,Cont,06,null,null,W,44,22.5,62.1,NA,92,6262024,61.4,169.2,single,NA,33.2982,94.89246,61.59426,28.8018,74.30754,45.50574,0.738798388,Ambient,Norm
2024_Cont06_Null_W45,190,5312024,2024,Cont,06,null,null,W,45,12,43.5,NA,93,6262024,6,12.8,dead,NA,16.6725,7.1721,-9.5004,26.8275,5.6279,-21.1996,2.231442887,Ambient,Norm
2024_Cont06_Null_W46,46,5312024,2024,Cont,06,null,null,W,46,32.5,133.5,NA,94,6262024,10.2,20.6,dead,NA,49.1322,13.82238,-35.30982,84.3678,6.77762,-77.59018,2.197410805,Ambient,Norm
2024_Cont06_Null_W47,191,5312024,2024,Cont,06,null,null,W,47,46.1,121.5,NA,95,6262024,114.2,286.3,double,NA,70.66644,178.49598,107.82954,50.83356,107.80402,56.97046,0.528338153,Ambient,Norm
2024_Cont06_Null_W48,192,5312024,2024,Cont,06,null,null,W,48,32.6,94.6,NA,96,6262024,163.7,514.2,double,NA,49.29054,256.87428,207.58374,45.30946,257.32572,212.01626,1.021352925,Ambient,Norm
2024_Hyp01_Null_B1,1,5312024,2024,Hyp,01,null,null,B,1,37.3,113.7,NA,97,6262024,175.2,504.7,double,NA,56.73252,275.08338,218.35086,56.96748,229.61662,172.64914,0.790695947,Ambient,Hyp
2024_Hyp01_Null_B2,2,5312024,2024,Hyp,01,null,null,B,2,29.4,95.4,NA,98,6262024,82.5,233,double,NA,44.22366,128.3022,84.07854,51.17634,104.6978,53.52146,0.63656505,Ambient,Hyp
2024_Hyp01_Null_B3,3,5312024,2024,Hyp,01,null,null,B,3,40.5,99.3,NA,99,6262024,117.2,287.3,double,NA,61.7994,183.24618,121.44678,37.5006,104.05382,66.55322,0.548003166,Ambient,Hyp
2024_Hyp01_Null_B4,4,5312024,2024,Hyp,01,null,null,B,4,46.3,136.3,NA,100,6262024,181.8,504.5,double,NA,70.98312,285.53382,214.5507,65.31688,218.96618,153.6493,0.716144482,Ambient,Hyp
2024_Hyp01_Null_B5,5,5312024,2024,Hyp,01,null,null,B,5,20.6,58,NA,101,6262024,86.7,231.1,double,NA,30.28974,134.95248,104.66274,27.71026,96.14752,68.43726,0.653883703,Ambient,Hyp
2024_Hyp01_Null_B6,6,5312024,2024,Hyp,01,null,null,B,6,26,87.2,NA,102,6262024,23.3,62.9,single,NA,38.8401,34.56492,-4.27518,48.3599,28.33508,-20.02482,4.683971201,Ambient,Hyp
2024_Hyp01_Null_B7,7,5312024,2024,Hyp,01,null,null,B,7,36.3,105.1,NA,103,6262024,141.2,424,double,NA,55.14912,221.24778,166.09866,49.95088,202.75222,152.80134,0.919943243,Ambient,Hyp
2024_Hyp01_Null_B8,8,5312024,2024,Hyp,01,null,null,B,8,25.2,62.7,NA,104,6262024,63.2,169.9,single,NA,37.57338,97.74258,60.1692,25.12662,72.15742,47.0308,0.781642435,Ambient,Hyp
2024_Hyp02_Null_B10,10,5312024,2024,Hyp,02,null,null,B,10,45.7,138.5,NA,106,6262024,121.7,329.4,double,NA,70.03308,190.37148,120.3384,68.46692,139.02852,70.5616,0.586359799,Ambient,Hyp
2024_Hyp02_Null_B11,11,5312024,2024,Hyp,02,null,null,B,11,26,69.4,NA,107,6262024,86.7,228.7,double,NA,38.8401,134.95248,96.11238,30.5599,93.74752,63.18762,0.657434765,Ambient,Hyp
2024_Hyp02_Null_B12,12,5312024,2024,Hyp,02,null,null,B,12,31.9,95.5,NA,108,6262024,178.7,624.5,triple,NA,48.18216,280.62528,232.44312,47.31784,343.87472,296.55688,1.275825587,Ambient,Hyp
2024_Hyp02_Null_B13,13,5312024,2024,Hyp,02,null,null,B,13,34.2,91.6,NA,109,6262024,74.1,192.7,single,NA,51.82398,115.00164,63.17766,39.77602,77.69836,37.92234,0.600249202,Ambient,Hyp
2024_Hyp02_Null_B14,14,5312024,2024,Hyp,02,null,null,B,14,48.9,125.3,NA,110,6262024,145,433.9,single,dropped,75.09996,227.2647,152.16474,50.20004,206.6353,156.43526,1.028065109,Ambient,Hyp
2024_Hyp02_Null_B15,15,5312024,2024,Hyp,02,null,null,B,15,37.9,116.5,NA,111,6262024,119.5,381.2,double,NA,57.68256,186.888,129.20544,58.81744,194.312,135.49456,1.04867535,Ambient,Hyp
2024_Hyp02_Null_B16,16,5312024,2024,Hyp,02,null,null,B,16,39.4,109.1,NA,112,6262024,151.2,440.3,double,NA,60.05766,237.08178,177.02412,49.04234,203.21822,154.17588,0.870931487,Ambient,Hyp
2024_Hyp02_Null_B9,9,5312024,2024,Hyp,02,null,null,B,9,54.5,160.9,NA,105,6262024,310.1,915.5,triple,NA,83.967,488.68404,404.71704,76.933,426.81596,349.88296,0.864512549,Ambient,Hyp
2024_Hyp03_Null_B17,17,5312024,2024,Hyp,03,null,null,B,17,59.7,166,NA,113,6262024,285.5,769.6,double,NA,92.20068,449.7324,357.53172,73.79932,319.8676,246.06828,0.688241815,Ambient,Hyp
2024_Hyp03_Null_B18,18,5312024,2024,Hyp,03,null,null,B,18,36,99.1,NA,114,6262024,121.7,318.7,single,NA,54.6741,190.37148,135.69738,44.4259,128.32852,83.90262,0.618306853,Ambient,Hyp
2024_Hyp03_Null_B19,19,5312024,2024,Hyp,03,null,null,B,19,51,156,NA,115,6262024,185.4,567.1,double,NA,78.4251,291.23406,212.80896,77.5749,275.86594,198.29104,0.931779564,Ambient,Hyp
2024_Hyp03_Null_B20,20,5312024,2024,Hyp,03,null,null,B,20,39.7,123.9,NA,116,6262024,85.2,260.2,double,NA,60.53268,132.57738,72.0447,63.36732,127.62262,64.2553,0.891881013,Ambient,Hyp
2024_Hyp03_Null_B21,21,5312024,2024,Hyp,03,null,null,B,21,21.2,60.3,NA,117,6262024,47.9,131.3,double,NA,31.23978,73.51656,42.27678,29.06022,57.78344,28.72322,0.679408886,Ambient,Hyp
2024_Hyp03_Null_B22,22,5312024,2024,Hyp,03,null,null,B,22,41.3,129.9,NA,118,6262024,192.8,574.7,double,NA,63.06612,302.95122,239.8851,66.83388,271.74878,204.9149,0.854221042,Ambient,Hyp
2024_Hyp03_Null_B23,23,5312024,2024,Hyp,03,null,null,B,23,32.6,100.9,NA,119,6262024,118.5,297.3,double,NA,49.29054,185.3046,136.01406,51.60946,111.9954,60.38594,0.443968366,Ambient,Hyp
2024_Hyp03_Null_B24,24,5312024,2024,Hyp,03,null,null,B,24,43.8,109.3,NA,120,6262024,136,339.8,triple,NA,67.02462,213.0141,145.98948,42.27538,126.7859,84.51052,0.578880889,Ambient,Hyp
2024_Hyp04_Null_B25,25,5312024,2024,Hyp,04,null,null,B,25,56,161,little mucky,121,6262024,202.6,561,double,NA,86.3421,318.46854,232.12644,74.6579,242.53146,167.87356,0.723198788,Ambient,Hyp
2024_Hyp04_Null_B26,26,5312024,2024,Hyp,04,null,null,B,26,34.1,95.4,NA,122,6262024,214.7,637,double,NA,51.66564,337.62768,285.96204,43.73436,299.37232,255.63796,0.893957674,Ambient,Hyp
2024_Hyp04_Null_B27,27,5312024,2024,Hyp,04,null,null,B,27,44.2,119.8,NA,123,6262024,177.1,516.7,triple,NA,67.65798,278.09184,210.43386,52.14202,238.60816,186.46614,0.886103311,Ambient,Hyp
2024_Hyp04_Null_B28,28,5312024,2024,Hyp,04,null,null,B,28,31.9,85.1,NA,124,6262024,75.8,213.7,single,NA,48.18216,117.69342,69.51126,36.91784,96.00658,59.08874,0.850059976,Ambient,Hyp
2024_Hyp04_Null_B29,29,5312024,2024,Hyp,04,null,null,B,29,29.3,78,NA,125,6262024,117.2,302.5,single,NA,44.06532,183.24618,139.18086,33.93468,119.25382,85.31914,0.613009145,Ambient,Hyp
2024_Hyp04_Null_B30,30,5312024,2024,Hyp,04,null,null,B,30,26.4,94.2,NA,126,6262024,61.5,182.4,double,NA,39.47346,95.0508,55.57734,54.72654,87.3492,32.62266,0.586977714,Ambient,Hyp
2024_Hyp04_Null_B31,31,5312024,2024,Hyp,04,null,null,B,31,18.7,45.9,NA,127,6262024,42,109.4,single,NA,27.28128,64.1745,36.89322,18.61872,45.2255,26.60678,0.721183459,Ambient,Hyp
2024_Hyp04_Null_B32,32,5312024,2024,Hyp,04,null,null,B,32,10.1,30.3,NA,128,6262024,7,23.2,single/dead?,NA,13.66404,8.7555,-4.90854,16.63596,14.4445,-2.19146,0.446458621,Ambient,Hyp
2024_Hyp05_Null_B33,33,5312024,2024,Hyp,05,null,null,B,33,76.5,223.3,NA,129,6262024,303,743,triple,NA,118.8018,477.4419,358.6401,104.4982,265.5581,161.0599,0.44908503,Ambient,Hyp
2024_Hyp05_Null_B34,34,5312024,2024,Hyp,05,null,null,B,34,41.1,131.9,NA,130,6262024,181.6,564.3,double,NA,62.74944,285.21714,222.4677,69.15056,279.08286,209.9323,0.943652944,Ambient,Hyp
2024_Hyp05_Null_B35,35,5312024,2024,Hyp,05,null,null,B,35,38.9,136.5,NA,131,6262024,68.6,198.9,double,NA,59.26596,106.29294,47.02698,77.23404,92.60706,15.37302,0.326897879,Ambient,Hyp
2024_Hyp05_Null_B36,36,5312024,2024,Hyp,05,null,null,B,36,41.3,107.7,NA,132,6262024,78,223.3,double,NA,63.06612,121.1769,58.11078,44.63388,102.1231,57.48922,0.989303878,Ambient,Hyp
2024_Hyp05_Null_B37,37,5312024,2024,Hyp,05,null,null,B,37,51.2,154.3,NA,133,6262024,146.6,405.5,double,NA,78.74178,229.79814,151.05636,75.55822,175.70186,100.14364,0.662955469,Ambient,Hyp
2024_Hyp05_Null_B38,38,5312024,2024,Hyp,05,null,null,B,38,32.4,99.6,NA,134,6262024,74.2,207.7,double,NA,48.97386,115.15998,66.18612,50.62614,92.54002,41.91388,0.633272958,Ambient,Hyp
2024_Hyp05_Null_B39,39,5312024,2024,Hyp,05,null,null,B,39,41.3,110.9,NA,135,6262024,157.3,457.3,double,NA,63.06612,246.74052,183.6744,47.83388,210.55948,162.7256,0.885946,Ambient,Hyp
2024_Hyp05_Null_B40,40,5312024,2024,Hyp,05,null,null,B,40,47.5,139.8,NA,136,6262024,127,351.7,double,NA,72.8832,198.7635,125.8803,66.9168,152.9365,86.0197,0.68334521,Ambient,Hyp
2024_Hyp06_Null_B41,41,5312024,2024,Hyp,06,null,null,B,41,65.4,188.2,NA,137,6262024,280.8,785.7,double,NA,101.22606,442.29042,341.06436,86.97394,343.40958,256.43564,0.751868768,Ambient,Hyp
2024_Hyp06_Null_B42,42,5312024,2024,Hyp,06,null,null,B,42,28.5,81.8,NA,138,6262024,59,145.7,single,NA,42.7986,91.0923,48.2937,39.0014,54.6077,15.6063,0.323153952,Ambient,Hyp
2024_Hyp06_Null_B43,43,5312024,2024,Hyp,06,null,null,B,43,44.1,128.5,NA,139,6262024,116.7,344.2,double,NA,67.49964,182.45448,114.95484,61.00036,161.74552,100.74516,0.876389024,Ambient,Hyp
2024_Hyp06_Null_B44,44,5312024,2024,Hyp,06,null,null,B,44,42.4,114,NA,140,6262024,92.3,283.8,double,NA,64.80786,143.81952,79.01166,49.19214,139.98048,90.78834,1.1490499,Ambient,Hyp
2024_Hyp06_Null_B45,45,5312024,2024,Hyp,06,null,null,B,45,22.1,62.7,NA,141,6262024,90.7,230.3,single,NA,32.66484,141.28608,108.62124,30.03516,89.01392,58.97876,0.542976309,Ambient,Hyp
2024_Hyp06_Null_B46,47,5312024,2024,Hyp,06,null,null,B,46,49.1,133.3,NA,142,6262024,219.8,574.8,double,NA,75.41664,345.70302,270.28638,57.88336,229.09698,171.21362,0.633452636,Ambient,Hyp
2024_Hyp06_Null_B47,48,5312024,2024,Hyp,06,null,null,B,47,48.9,149.5,NA,143,6262024,167.4,467.8,double,NA,75.09996,262.73286,187.6329,74.40004,205.06714,130.6671,0.696397593,Ambient,Hyp
2024_Hyp06_Null_B48,49,5312024,2024,Hyp,06,null,null,B,48,28.3,99.2,NA,144,6262024,14.7,27.8,dead,NA,42.48192,20.94768,-21.53424,56.71808,6.85232,-49.86576,2.315649867,Ambient,Hyp
2024_Warm01_Null_G1,50,5312024,2024,Warm,01,null,null,G,1,34.7,88.9,NA,145,6262024,90.4,201.6,single,NA,52.61568,140.81106,88.19538,36.28432,60.78894,24.50462,0.277844713,Warm,Norm
2024_Warm01_Null_G2,51,5312024,2024,Warm,01,null,null,G,2,26.9,71.1,NA,146,6262024,65,178.2,single,NA,40.26516,100.5927,60.32754,30.83484,77.6073,46.77246,0.77530859,Warm,Norm
2024_Warm01_Null_G3,52,5312024,2024,Warm,01,null,null,G,3,32.7,83.7,NA,147,6262024,106.4,267.7,double,NA,49.44888,166.14546,116.69658,34.25112,101.55454,67.30342,0.576738581,Warm,Norm
2024_Warm01_Null_G4,53,5312024,2024,Warm,01,null,null,G,4,72.3,212.7,NA,148,6262024,170.1,457.4,double,NA,112.15152,267.00804,154.85652,100.54848,190.39196,89.84348,0.580172407,Warm,Norm
2024_Warm01_Null_G5,54,5312024,2024,Warm,01,null,null,G,5,30.6,95.5,NA,149,6262024,120.7,336.3,double,NA,46.12374,188.78808,142.66434,49.37626,147.51192,98.13566,0.687877994,Warm,Norm
2024_Warm01_Null_G6,55,5312024,2024,Warm,01,null,null,G,6,61.6,167.1,NA,150,6262024,168.9,437.3,double,NA,95.20914,265.10796,169.89882,71.89086,172.19204,100.30118,0.590358309,Warm,Norm
2024_Warm01_Null_G7,56,5312024,2024,Warm,01,null,null,G,7,28.9,70.9,NA,151,6262024,63,168.9,single?,NA,43.43196,97.4259,53.99394,27.46804,71.4741,44.00606,0.8150185,Warm,Norm
2024_Warm01_Null_G8,57,5312024,2024,Warm,01,null,null,G,8,56.3,143.2,NA,152,6262024,127.4,418.8,triple,NA,86.81712,199.39686,112.57974,56.38288,219.40314,163.02026,1.448042605,Warm,Norm
2024_Warm02_Null_G10,59,5312024,2024,Warm,02,null,null,G,10,44.2,129.6,NA,154,6262024,238.6,628.7,double,NA,67.65798,375.47094,307.81296,61.94202,253.22906,191.28704,0.621439201,Warm,Norm
2024_Warm02_Null_G11,60,5312024,2024,Warm,02,null,null,G,11,37.4,103.5,NA,155,6262024,182.1,387.8,single,NA,56.89086,286.00884,229.11798,46.60914,101.79116,55.18202,0.240845437,Warm,Norm
2024_Warm02_Null_G12,61,5312024,2024,Warm,02,null,null,G,12,39.6,114.3,NA,156,6262024,158.5,464.9,double,NA,60.37434,248.6406,188.26626,53.92566,216.2594,162.33374,0.862256147,Warm,Norm
2024_Warm02_Null_G13,62,5312024,2024,Warm,02,null,null,G,13,31.5,110.5,NA,157,6262024,137.7,404.5,triple,NA,47.5488,215.70588,168.15708,62.9512,188.79412,125.84292,0.748365278,Warm,Norm
2024_Warm02_Null_G14,63,5312024,2024,Warm,02,null,null,G,14,43.4,135.9,NA,158,6262024,206.9,578.9,double,NA,66.39126,325.27716,258.8859,69.50874,253.62284,184.1141,0.711178554,Warm,Norm
2024_Warm02_Null_G15,64,5312024,2024,Warm,02,null,null,G,15,45.4,138.6,NA,159,6262024,173.8,431.8,single,NA,69.55806,272.86662,203.30856,69.04194,158.93338,89.89144,0.442142918,Warm,Norm
2024_Warm02_Null_G16,65,5312024,2024,Warm,02,null,null,G,16,38.2,116.6,NA,160,6262024,175.1,522.1,double,NA,58.15758,274.92504,216.76746,58.44242,247.17496,188.73254,0.870668227,Warm,Norm
2024_Warm02_Null_G9,58,5312024,2024,Warm,02,null,null,G,9,10.3,35.4,NA,153,6262024,10.7,NA,dead,NA,13.98072,14.61408,0.63336,21.41928,NA,NA,#VALUE!,Warm,Norm
2024_Warm03_Null_G17,66,5312024,2024,Warm,03,null,null,G,17,28.6,92.8,NA,161,6262024,58.4,171.1,single,NA,42.95694,90.14226,47.18532,49.84306,80.95774,31.11468,0.659414411,Warm,Norm
2024_Warm03_Null_G18,67,5312024,2024,Warm,03,null,null,G,18,44.8,128.7,deep muck,162,6262024,124.4,319.1,double,NA,68.60802,194.64666,126.03864,60.09198,124.45334,64.36136,0.510647846,Warm,Norm
2024_Warm03_Null_G19,68,5312024,2024,Warm,03,null,null,G,19,41.4,116.3,NA,163,6262024,95.9,276.9,double,NA,63.22446,149.51976,86.2953,53.07554,127.38024,74.3047,0.861051529,Warm,Norm
2024_Warm03_Null_G20,69,5312024,2024,Warm,03,null,null,G,20,57,155.9,NA,164,6262024,243.2,612.6,double,NA,87.9255,382.75458,294.82908,67.9745,229.84542,161.87092,0.549033087,Warm,Norm
2024_Warm03_Null_G21,70,5312024,2024,Warm,03,null,null,G,21,23.1,66,NA,165,6262024,119.3,311.9,single,NA,34.24824,186.57132,152.32308,31.75176,125.32868,93.57692,0.614331853,Warm,Norm
2024_Warm03_Null_G22,71,5312024,2024,Warm,03,null,null,G,22,42.9,127.4,NA,166,6262024,152.7,420.5,double,NA,65.59956,239.45688,173.85732,61.80044,181.04312,119.24268,0.685865168,Warm,Norm
2024_Warm03_Null_G23,72,5312024,2024,Warm,03,null,null,G,23,75.1,215.6,NA,167,6262024,202.2,596.8,double,NA,116.58504,317.83518,201.25014,99.01496,278.96482,179.94986,0.894160173,Warm,Norm
2024_Warm03_Null_G24,73,5312024,2024,Warm,03,null,null,G,24,49.4,156.6,NA,168,6262024,270.8,751.6,double,NA,75.89166,426.45642,350.56476,80.70834,325.14358,244.43524,0.697261299,Warm,Norm
2024_Warm04_Null_G25,74,5312024,2024,Warm,04,null,null,G,25,35.1,95.1,NA,169,6262024,66.1,172.7,double,NA,53.24904,102.33444,49.0854,41.85096,70.36556,28.5146,0.580918155,Warm,Norm
2024_Warm04_Null_G26,75,5312024,2024,Warm,04,null,null,G,26,26.5,85.4,NA,170,6262024,105.1,292.8,double,NA,39.6318,164.08704,124.45524,45.7682,128.71296,82.94476,0.666462577,Warm,Norm
2024_Warm04_Null_G27,76,5312024,2024,Warm,04,null,null,G,27,38.5,105.2,NA,171,6262024,136.7,367.4,single,NA,58.6326,214.12248,155.48988,46.5674,153.27752,106.71012,0.686283377,Warm,Norm
2024_Warm04_Null_G28,77,5312024,2024,Warm,04,null,null,G,28,40.7,111,NA,172,6262024,185.8,462.7,double,NA,62.11608,291.86742,229.75134,48.88392,170.83258,121.94866,0.530785413,Warm,Norm
2024_Warm04_Null_G29,78,5312024,2024,Warm,04,null,null,G,29,26.9,65.7,NA,173,6262024,87.9,194.7,single,NA,40.26516,136.85256,96.5874,25.43484,57.84744,32.4126,0.335577933,Warm,Norm
2024_Warm04_Null_G30,79,5312024,2024,Warm,04,null,null,G,30,36.2,97.6,NA,174,6262024,125.6,333.2,double,NA,54.99078,196.54674,141.55596,42.60922,136.65326,94.04404,0.664359452,Warm,Norm
2024_Warm04_Null_G31,80,5312024,2024,Warm,04,null,null,G,31,24.3,62.2,NA,175,6262024,82,212.3,double,NA,36.14832,127.5105,91.36218,26.05168,84.7895,58.73782,0.642911761,Warm,Norm
2024_Warm04_Null_G32,81,5312024,2024,Warm,04,null,null,G,32,31.7,96.1,NA,176,6262024,98.3,257.2,double,NA,47.86548,153.31992,105.45444,48.23452,103.88008,55.64556,0.527673941,Warm,Norm
2024_Warm05_Null_G33,82,5312024,2024,Warm,05,null,null,G,33,21.6,66.7,NA,177,6262024,40,114.2,single,NA,31.87314,61.0077,29.13456,34.82686,53.1923,18.36544,0.630366136,Warm,Norm
2024_Warm05_Null_G34,83,5312024,2024,Warm,05,null,null,G,34,45.9,138.9,NA,178,6262024,200.8,543.5,double,NA,70.34976,315.61842,245.26866,68.55024,227.88158,159.33134,0.649619646,Warm,Norm
2024_Warm05_Null_G35,84,5312024,2024,Warm,05,null,null,G,35,27.6,73.9,NA,179,6262024,100.4,250.8,single,NA,41.37354,156.64506,115.27152,32.52646,94.15494,61.62848,0.534637524,Warm,Norm
2024_Warm05_Null_G36,85,5312024,2024,Warm,05,null,null,G,36,52.1,151.6,NA,180,6262024,160,492.5,double,NA,80.16684,251.0157,170.84886,71.43316,241.4843,170.05114,0.995330844,Warm,Norm
2024_Warm05_Null_G37,86,5312024,2024,Warm,05,null,null,G,37,22.8,63.9,NA,181,6262024,93.1,226.1,double,NA,33.77322,145.08624,111.31302,30.12678,81.01376,50.88698,0.457152092,Warm,Norm
2024_Warm05_Null_G38,87,5312024,2024,Warm,05,null,null,G,38,50.5,161.6,NA,182,6262024,142.5,415.4,triple,NA,77.6334,223.3062,145.6728,83.9666,192.0938,108.1272,0.742260738,Warm,Norm
2024_Warm05_Null_G39,88,5312024,2024,Warm,05,null,null,G,39,20.5,59.6,NA,183,6262024,9.6,20.5,dead,NA,30.1314,12.87234,-17.25906,29.4686,7.62766,-21.84094,1.265476799,Warm,Norm
2024_Warm05_Null_G40,89,5312024,2024,Warm,05,null,null,G,40,21.1,80.6,NA,184,6262024,31.2,76.9,double,NA,31.08144,47.07378,15.99234,49.51856,29.82622,-19.69234,-1.231360764,Warm,Norm
2024_Warm06_Null_G41,90,5312024,2024,Warm,06,null,null,G,41,27.3,76.9,NA,185,6262024,127,340,single,NA,40.89852,198.7635,157.86498,36.00148,141.2365,105.23502,0.66661409,Warm,Norm
2024_Warm06_Null_G42,91,5312024,2024,Warm,06,null,null,G,42,32.4,89.7,NA,186,6262024,178.4,578.2,single?,NA,48.97386,280.15026,231.1764,40.72614,298.04974,257.3236,1.113104971,Warm,Norm
2024_Warm06_Null_G43,92,5312024,2024,Warm,06,null,null,G,43,39.6,119.9,NA,187,6262024,218.4,635.5,double,NA,60.37434,343.48626,283.11192,59.52566,292.01374,232.48808,0.821187889,Warm,Norm
2024_Warm06_Null_G44,93,5312024,2024,Warm,06,null,null,G,44,48.2,125.4,NA,188,6262024,265.2,656.8,double,NA,73.99158,417.58938,343.5978,51.40842,239.21062,187.8022,0.546575677,Warm,Norm
2024_Warm06_Null_G45,94,5312024,2024,Warm,06,null,null,G,45,30.7,88.8,NA,189,6262024,120.9,337.5,single,NA,46.28208,189.10476,142.82268,42.51792,148.39524,105.87732,0.741320076,Warm,Norm
2024_Warm06_Null_G46,95,5312024,2024,Warm,06,null,null,G,46,43.9,123,NA,190,6262024,148.4,416.1,double,NA,67.18296,232.64826,165.4653,55.81704,183.45174,127.6347,0.771368378,Warm,Norm
2024_Warm06_Null_G47,96,5312024,2024,Warm,06,null,null,G,47,20.2,65.8,NA,191,6262024,20.2,66.5,dead?,NA,29.65638,29.65638,0,36.14362,36.84362,0.7,#DIV/0!,Warm,Norm
2024_Warm06_Null_G48,97,5312024,2024,Warm,06,null,null,G,48,31.9,89.5,NA,192,6262024,94.1,241.2,double,NA,48.18216,146.66964,98.48748,41.31784,94.53036,53.21252,0.540297305,Warm,Norm