Original_order,Date_MMDDYYYY,Year,Phase_1_treat,Phase_1_rep,Phase_2_treat,Phase_2_rep,Tag_color,Tag_num,Sample_Name,Submerged_weight_post,Dry_weight_post,double_single_dead,notes
239,8122024,2024,Cont,05,Cont,02,W,81,2024_Cont05_Cont02_W81,419.9,994.6,,
542,8122024,2024,Warm,03,Both,03,G,80,2024_Warm03_Both03_G80,202.7,466.9,,
215,8122024,2024,Cont,03,Cont,02,W,78,2024_Cont03_Cont02_W78,579.1,1291.1,,
587,8122024,2024,Hyp,06,Cont,04,B,77,2024_Hyp06_Cont04_B77,594.7,1417,,
967,8122024,2024,Warm,06,Cont,06,G,72,2024_Warm06_Cont06_G72,314.6,692.5,,
970,8122024,2024,Both,06,Cont,06,O,72,2024_Both06_Cont06_O72,593.3,1365.3,,
981,8122024,2024,Cont,06,Cont,06,W,72,2024_Cont06_Cont06_W72,134.4,336.9,,
996,8122024,2024,Hyp,06,Cont,06,B,72,2024_Hyp06_Cont06_B72,345.7,838.9,,
1009,8122024,2024,Cont,06,Warm,06,W,72,2024_Cont06_Warm06_W72,747,1713.6,,
1019,8122024,2024,Both,06,Warm,06,O,72,2024_Both06_Warm06_O72,582,1311.9,,
1022,8122024,2024,Warm,06,Warm,06,G,72,2024_Warm06_Warm06_G72,675.2,1555,,
1026,8122024,2024,Hyp,06,Warm,06,B,72,2024_Hyp06_Warm06_B72,439.1,1078.1,,
1058,8122024,2024,Both,06,Hyp,06,O,72,2024_Both06_Hyp06_O72,185.8,413.1,,
1071,8122024,2024,Warm,06,Hyp,06,G,72,2024_Warm06_Hyp06_G72,245.9,577.1,,
1094,8122024,2024,Cont,06,Hyp,06,W,72,2024_Cont06_Hyp06_W72,325.5,743.4,,
1096,8122024,2024,Hyp,06,Hyp,06,B,72,2024_Hyp06_Hyp06_B72,259.8,669.9,,
1109,8122024,2024,Hyp,06,Both,06,B,72,2024_Hyp06_Both06_B72,308.2,781.9,,
1126,8122024,2024,Cont,06,Both,06,W,72,2024_Cont06_Both06_W72,269,644.4,,
1130,8122024,2024,Both,06,Both,06,O,72,2024_Both06_Both06_O72,727.2,1953.6,,
1131,8122024,2024,Warm,06,Both,06,G,72,2024_Warm06_Both06_G72,522,1270.4,,
962,8122024,2024,Both,06,Cont,06,O,71,2024_Both06_Cont06_O71,197.3,438.4,,
977,8122024,2024,Warm,06,Cont,06,G,71,2024_Warm06_Cont06_G71,319.1,715.8,,
991,8122024,2024,Cont,06,Cont,06,W,71,2024_Cont06_Cont06_W71,274,662.9,,
1003,8122024,2024,Hyp,06,Cont,06,B,71,2024_Hyp06_Cont06_B71,190.6,515.8,,
1014,8122024,2024,Hyp,06,Warm,06,B,71,2024_Hyp06_Warm06_B71,464.9,983.1,,
1031,8122024,2024,Cont,06,Warm,06,W,71,2024_Cont06_Warm06_W71,349.6,812.4,,
1041,8122024,2024,Both,06,Warm,06,O,71,2024_Both06_Warm06_O71,280.6,632.7,,
1042,8122024,2024,Warm,06,Warm,06,G,71,2024_Warm06_Warm06_G71,347.4,740.1,,
1063,8122024,2024,Warm,06,Hyp,06,G,71,2024_Warm06_Hyp06_G71,408.3,921.7,,
1077,8122024,2024,Both,06,Hyp,06,O,71,2024_Both06_Hyp06_O71,329.5,804,,
1102,8122024,2024,Hyp,06,Hyp,06,B,71,2024_Hyp06_Hyp06_B71,94.4,248.5,,
1110,8122024,2024,Cont,06,Both,06,W,71,2024_Cont06_Both06_W71,403.1,944,,
1121,8122024,2024,Hyp,06,Both,06,B,71,2024_Hyp06_Both06_B71,269.5,681.5,,
1136,8122024,2024,Warm,06,Both,06,G,71,2024_Warm06_Both06_G71,361.7,890,,
1147,8122024,2024,Both,06,Both,06,O,71,2024_Both06_Both06_O71,184,462.6,,
969,8122024,2024,Cont,05,Cont,06,W,70,2024_Cont05_Cont06_W70,396.6,933.3,,
988,8122024,2024,Both,05,Cont,06,O,70,2024_Both05_Cont06_O70,209.6,568.8,,
992,8122024,2024,Hyp,05,Cont,06,B,70,2024_Hyp05_Cont06_B70,310,771.3,,
1007,8122024,2024,Warm,05,Cont,06,G,70,2024_Warm05_Cont06_G70,248.1,547.7,,
1023,8122024,2024,Both,05,Warm,06,O,70,2024_Both05_Warm06_O70,437.9,1067.6,,
1036,8122024,2024,Warm,05,Warm,06,G,70,2024_Warm05_Warm06_G70,115.9,310.7,,
1039,8122024,2024,Cont,05,Warm,06,W,70,2024_Cont05_Warm06_W70,353.1,883.5,,
1050,8122024,2024,Hyp,05,Warm,06,B,70,2024_Hyp05_Warm06_B70,418.3,959.2,,
1069,8122024,2024,Hyp,05,Hyp,06,B,70,2024_Hyp05_Hyp06_B70,330.6,830.3,,
1089,8122024,2024,Cont,05,Hyp,06,W,70,2024_Cont05_Hyp06_W70,352.5,887.2,,
1090,8122024,2024,Warm,05,Hyp,06,G,70,2024_Warm05_Hyp06_G70,337.3,899.7,,
1103,8122024,2024,Both,05,Hyp,06,O,70,2024_Both05_Hyp06_O70,101.1,255.5,,
1113,8122024,2024,Both,05,Both,06,O,70,2024_Both05_Both06_O70,86.5,220.5,,
1128,8122024,2024,Hyp,05,Both,06,B,70,2024_Hyp05_Both06_B70,234.2,558,,
1140,8122024,2024,Cont,05,Both,06,W,70,2024_Cont05_Both06_W70,451.4,1155.5,,
1141,8122024,2024,Warm,05,Both,06,G,70,2024_Warm05_Both06_G70,383.9,994.2,,
968,8122024,2024,Cont,05,Cont,06,W,69,2024_Cont05_Cont06_W69,372,853.1,,
986,8122024,2024,Both,05,Cont,06,O,69,2024_Both05_Cont06_O69,494,1240.3,,
1000,8122024,2024,Warm,05,Cont,06,G,69,2024_Warm05_Cont06_G69,NA,NA,Dead,
1005,8122024,2024,Hyp,05,Cont,06,B,69,2024_Hyp05_Cont06_B69,165.6,423,,
1010,8122024,2024,Both,05,Warm,06,O,69,2024_Both05_Warm06_O69,584,1610.1,,
1027,8122024,2024,Warm,05,Warm,06,G,69,2024_Warm05_Warm06_G69,316.5,742.9,,
1032,8122024,2024,Hyp,05,Warm,06,B,69,2024_Hyp05_Warm06_B69,636.9,1427.9,,
1045,8122024,2024,Cont,05,Warm,06,W,69,2024_Cont05_Warm06_W69,698.1,1568.3,,
1057,8122024,2024,Hyp,05,Hyp,06,B,69,2024_Hyp05_Hyp06_B69,354.3,827.8,,
1087,8122024,2024,Cont,05,Hyp,06,W,69,2024_Cont05_Hyp06_W69,800,1910.7,,
1101,8122024,2024,Both,05,Hyp,06,O,69,2024_Both05_Hyp06_O69,152.5,391.7,,
1104,8122024,2024,Warm,05,Hyp,06,G,69,2024_Warm05_Hyp06_G69,78.7,213.2,,
1105,8122024,2024,Both,05,Both,06,O,69,2024_Both05_Both06_O69,433.4,1057.5,,
1127,8122024,2024,Cont,05,Both,06,W,69,2024_Cont05_Both06_W69,178.9,483.3,,
1143,8122024,2024,Hyp,05,Both,06,B,69,2024_Hyp05_Both06_B69,169.7,423.6,,
1150,8122024,2024,Warm,05,Both,06,G,69,2024_Warm05_Both06_G69,320.7,712.5,,
978,8122024,2024,Cont,04,Cont,06,W,68,2024_Cont04_Cont06_W68,216.3,495.5,,
979,8122024,2024,Hyp,04,Cont,06,B,68,2024_Hyp04_Cont06_B68,392.6,889.3,,
987,8122024,2024,Both,04,Cont,06,O,68,2024_Both04_Cont06_O68,233.1,591.7,,
995,8122024,2024,Warm,04,Cont,06,G,68,2024_Warm04_Cont06_G68,252.9,575.6,,
1025,8122024,2024,Both,04,Warm,06,O,68,2024_Both04_Warm06_O68,599.8,1365.3,,
1047,8122024,2024,Warm,04,Warm,06,G,68,2024_Warm04_Warm06_G68,370.8,854.7,,
1049,8122024,2024,Cont,04,Warm,06,W,68,2024_Cont04_Warm06_W68,626.8,1442.2,,
1054,8122024,2024,Hyp,04,Warm,06,B,68,2024_Hyp04_Warm06_B68,424.7,924.8,,
1078,8122024,2024,Hyp,04,Hyp,06,B,68,2024_Hyp04_Hyp06_B68,360.2,807.8,,
1084,8122024,2024,Warm,04,Hyp,06,G,68,2024_Warm04_Hyp06_G68,461.3,1215.4,,
1088,8122024,2024,Both,04,Hyp,06,O,68,2024_Both04_Hyp06_O68,746.1,1818.4,,
1099,8122024,2024,Cont,04,Hyp,06,W,68,2024_Cont04_Hyp06_W68,213.5,496,,
1123,8122024,2024,Both,04,Both,06,O,68,2024_Both04_Both06_O68,122.8,385.6,,
1129,8122024,2024,Hyp,04,Both,06,B,68,2024_Hyp04_Both06_B68,635.1,1620.3,,
1135,8122024,2024,Cont,04,Both,06,W,68,2024_Cont04_Both06_W68,536.8,1216.9,,
1142,8122024,2024,Warm,04,Both,06,G,68,2024_Warm04_Both06_G68,158.9,430,,
963,8122024,2024,Cont,04,Cont,06,W,67,2024_Cont04_Cont06_W67,254.8,621.8,,
980,8122024,2024,Warm,04,Cont,06,G,67,2024_Warm04_Cont06_G67,185.5,707.3,,
982,8122024,2024,Both,04,Cont,06,O,67,2024_Both04_Cont06_O67,349.9,764.4,,
994,8122024,2024,Hyp,04,Cont,06,B,67,2024_Hyp04_Cont06_B67,358.2,833.6,,
1015,8122024,2024,Both,04,Warm,06,O,67,2024_Both04_Warm06_O67,598.1,1296.6,,
1017,8122024,2024,Cont,04,Warm,06,W,67,2024_Cont04_Warm06_W67,454.6,1043.4,,
1035,8122024,2024,Warm,04,Warm,06,G,67,2024_Warm04_Warm06_G67,636.8,1596.3,,
1053,8122024,2024,Hyp,04,Warm,06,B,67,2024_Hyp04_Warm06_B67,320.8,680.2,,
1064,8122024,2024,Hyp,04,Hyp,06,B,67,2024_Hyp04_Hyp06_B67,NA,NA,Dead,
1073,8122024,2024,Both,04,Hyp,06,O,67,2024_Both04_Hyp06_O67,190.4,483.4,,
1076,8122024,2024,Cont,04,Hyp,06,W,67,2024_Cont04_Hyp06_W67,554.5,1210,,
1093,8122024,2024,Warm,04,Hyp,06,G,67,2024_Warm04_Hyp06_G67,264.6,621,,
1112,8122024,2024,Both,04,Both,06,O,67,2024_Both04_Both06_O67,185.4,475.6,,
1117,8122024,2024,Warm,04,Both,06,G,67,2024_Warm04_Both06_G67,165,428.6,,
1133,8122024,2024,Hyp,04,Both,06,B,67,2024_Hyp04_Both06_B67,424.3,1030.9,,
1151,8122024,2024,Cont,04,Both,06,W,67,2024_Cont04_Both06_W67,135.3,338.7,,
966,8122024,2024,Both,03,Cont,06,O,66,2024_Both03_Cont06_O66,278.5,662.5,,
983,8122024,2024,Hyp,03,Cont,06,B,66,2024_Hyp03_Cont06_B66,92.4,219.9,,
989,8122024,2024,Warm,03,Cont,06,G,66,2024_Warm03_Cont06_G66,486.8,1171.4,,
997,8122024,2024,Cont,03,Cont,06,W,66,2024_Cont03_Cont06_W66,213,492.5,,
1013,8122024,2024,Hyp,03,Warm,06,B,66,2024_Hyp03_Warm06_B66,583.9,1401.3,,
1028,8122024,2024,Both,03,Warm,06,O,66,2024_Both03_Warm06_O66,398.3,921.3,,
1044,8122024,2024,Warm,03,Warm,06,G,66,2024_Warm03_Warm06_G66,666,1747.8,,
1051,8122024,2024,Cont,03,Warm,06,W,66,2024_Cont03_Warm06_W66,402.4,944.9,,
1060,8122024,2024,Warm,03,Hyp,06,G,66,2024_Warm03_Hyp06_G66,184.4,483.3,,
1065,8122024,2024,Hyp,03,Hyp,06,B,66,2024_Hyp03_Hyp06_B66,458.5,1056.1,,
1075,8122024,2024,Both,03,Hyp,06,O,66,2024_Both03_Hyp06_O66,214.2,556.5,,
1100,8122024,2024,Cont,03,Hyp,06,W,66,2024_Cont03_Hyp06_W66,231.1,521.8,,
1108,8122024,2024,Cont,03,Both,06,W,66,2024_Cont03_Both06_W66,515.4,1345.8,,
1137,8122024,2024,Both,03,Both,06,O,66,2024_Both03_Both06_O66,413.7,998.4,,
1139,8122024,2024,Warm,03,Both,06,G,66,2024_Warm03_Both06_G66,250.7,633.7,,
1146,8122024,2024,Hyp,03,Both,06,B,66,2024_Hyp03_Both06_B66,278.3,679.1,,
973,8122024,2024,Both,03,Cont,06,O,65,2024_Both03_Cont06_O65,344.4,856.2,,
990,8122024,2024,Hyp,03,Cont,06,B,65,2024_Hyp03_Cont06_B65,527.7,1223.7,,
993,8122024,2024,Cont,03,Cont,06,W,65,2024_Cont03_Cont06_W65,360,989.6,,
999,8122024,2024,Warm,03,Cont,06,G,65,2024_Warm03_Cont06_G65,507.5,1253.8,,
1024,8122024,2024,Hyp,03,Warm,06,B,65,2024_Hyp03_Warm06_B65,718.2,1491.2,,
1046,8122024,2024,Both,03,Warm,06,O,65,2024_Both03_Warm06_O65,632.7,1635.4,,
1048,8122024,2024,Warm,03,Warm,06,G,65,2024_Warm03_Warm06_G65,606.7,1560.4,,
1055,8122024,2024,Cont,03,Warm,06,W,65,2024_Cont03_Warm06_W65,278.4,628.3,,
1070,8122024,2024,Hyp,03,Hyp,06,B,65,2024_Hyp03_Hyp06_B65,521.3,1256.5,,
1072,8122024,2024,Warm,03,Hyp,06,G,65,2024_Warm03_Hyp06_G65,242.4,618.3,,
1081,8122024,2024,Cont,03,Hyp,06,W,65,2024_Cont03_Hyp06_W65,165.8,381.9,,
1091,8122024,2024,Both,03,Hyp,06,O,65,2024_Both03_Hyp06_O65,420.8,940.9,,
1115,8122024,2024,Both,03,Both,06,O,65,2024_Both03_Both06_O65,194.6,550.2,,
1122,8122024,2024,Cont,03,Both,06,W,65,2024_Cont03_Both06_W65,121.1,290.4,,
1124,8122024,2024,Warm,03,Both,06,G,65,2024_Warm03_Both06_G65,306.3,744.2,,
1134,8122024,2024,Hyp,03,Both,06,B,65,2024_Hyp03_Both06_B65,870,2566.7,,
964,8122024,2024,Hyp,02,Cont,06,B,64,2024_Hyp02_Cont06_B64,151.2,340.4,,
985,8122024,2024,Warm,02,Cont,06,G,64,2024_Warm02_Cont06_G64,960.1,2258.2,,"09.23.24 SKM changed data point in working post phase 2.1 from O64 to G64, was written down wrong on the data sheet but verified that this is actually G64 from the photos. Also changed Phase 1 info and 'Sample_Name"""
1001,8122024,2024,Cont,02,Cont,06,W,64,2024_Cont02_Cont06_W64,197.3,452.1,,
1008,8122024,2024,Both,02,Cont,06,O,64,2024_Both02_Cont06_O64,133.7,326.9,,
1011,8122024,2024,Warm,02,Warm,06,G,64,2024_Warm02_Warm06_G64,205.1,503.4,,
1043,8122024,2024,Both,02,Warm,06,O,64,2024_Both02_Warm06_O64,353.1,893.8,,
1052,8122024,2024,Hyp,02,Warm,06,B,64,2024_Hyp02_Warm06_B64,502.1,1310.7,,
1056,8122024,2024,Cont,02,Warm,06,W,64,2024_Cont02_Warm06_W64,278.1,621,,
1059,8122024,2024,Cont,02,Hyp,06,W,64,2024_Cont02_Hyp06_W64,550,1312,,
1074,8122024,2024,Warm,02,Hyp,06,G,64,2024_Warm02_Hyp06_G64,312.1,710.8,,
1085,8122024,2024,Hyp,02,Hyp,06,B,64,2024_Hyp02_Hyp06_B64,513.3,1420,,
1092,8122024,2024,Both,02,Hyp,06,O,64,2024_Both02_Hyp06_O64,159.5,411.3,,
1107,8122024,2024,Warm,02,Both,06,G,64,2024_Warm02_Both06_G64,191.6,453.5,,
1118,8122024,2024,Hyp,02,Both,06,B,64,2024_Hyp02_Both06_B64,303.5,701,,
1144,8122024,2024,Cont,02,Both,06,W,64,2024_Cont02_Both06_W64,245.7,570.1,,
1149,8122024,2024,Both,02,Both,06,O,64,2024_Both02_Both06_O64,66.2,222,,
971,8122024,2024,Both,02,Cont,06,O,63,2024_Both02_Cont06_O63,194.6,468.6,,
974,8122024,2024,Hyp,02,Cont,06,B,63,2024_Hyp02_Cont06_B63,417.8,982.6,,
975,8122024,2024,Cont,02,Cont,06,W,63,2024_Cont02_Cont06_W63,575.4,1365.2,,
976,8122024,2024,Warm,02,Cont,06,G,63,2024_Warm02_Cont06_G63,662.1,1618.4,,
1021,8122024,2024,Warm,02,Warm,06,G,63,2024_Warm02_Warm06_G63,561.4,1349.1,,
1029,8122024,2024,Cont,02,Warm,06,W,63,2024_Cont02_Warm06_W63,452.2,976.3,,
1034,8122024,2024,Both,02,Warm,06,O,63,2024_Both02_Warm06_O63,492.6,1233.8,,
1038,8122024,2024,Hyp,02,Warm,06,B,63,2024_Hyp02_Warm06_B63,604.7,1654.5,,
1067,8122024,2024,Cont,02,Hyp,06,W,63,2024_Cont02_Hyp06_W63,477.3,1152.1,,
1079,8122024,2024,Hyp,02,Hyp,06,B,63,2024_Hyp02_Hyp06_B63,245.4,564.9,,
1082,8122024,2024,Both,02,Hyp,06,O,63,2024_Both02_Hyp06_O63,423.6,1002.8,,
1098,8122024,2024,Warm,02,Hyp,06,G,63,2024_Warm02_Hyp06_G63,302.1,675.7,,
1120,8122024,2024,Warm,02,Both,06,G,63,2024_Warm02_Both06_G63,214,505.1,,
1132,8122024,2024,Cont,02,Both,06,W,63,2024_Cont02_Both06_W63,263.5,634.1,,
1138,8122024,2024,Both,02,Both,06,O,63,2024_Both02_Both06_O63,200.8,489.6,,
1152,8122024,2024,Hyp,02,Both,06,B,63,2024_Hyp02_Both06_B63,164,378.9,,
961,8122024,2024,Hyp,01,Cont,06,B,62,2024_Hyp01_Cont06_B62,637.6,1568.7,,
984,8122024,2024,Warm,01,Cont,06,G,62,2024_Warm01_Cont06_G62,242.4,572.9,,
1002,8122024,2024,Cont,01,Cont,06,W,62,2024_Cont01_Cont06_W62,328.6,776.7,,
1004,8122024,2024,Both,01,Cont,06,O,62,2024_Both01_Cont06_O62,353.6,875.4,,
1012,8122024,2024,Warm,01,Warm,06,G,62,2024_Warm01_Warm06_G62,493.6,1292.3,,
1018,8122024,2024,Cont,01,Warm,06,W,62,2024_Cont01_Warm06_W62,654.6,1653.7,,
1037,8122024,2024,Hyp,01,Warm,06,B,62,2024_Hyp01_Warm06_B62,1044.5,2712.4,,
1040,8122024,2024,Both,01,Warm,06,O,62,2024_Both01_Warm06_O62,480.6,1178.3,,
1061,8122024,2024,Cont,01,Hyp,06,W,62,2024_Cont01_Hyp06_W62,193.3,471.1,,
1066,8122024,2024,Warm,01,Hyp,06,G,62,2024_Warm01_Hyp06_G62,503.2,1286.1,,
1080,8122024,2024,Both,01,Hyp,06,O,62,2024_Both01_Hyp06_O62,322,783.1,,
1083,8122024,2024,Hyp,01,Hyp,06,B,62,2024_Hyp01_Hyp06_B62,447.8,1033.7,,
1106,8122024,2024,Warm,01,Both,06,G,62,2024_Warm01_Both06_G62,319.5,899.8,,
1114,8122024,2024,Hyp,01,Both,06,B,62,2024_Hyp01_Both06_B62,383.1,1030.1,,
1116,8122024,2024,Cont,01,Both,06,W,62,2024_Cont01_Both06_W62,646.4,1319.7,,
1119,8122024,2024,Both,01,Both,06,O,62,2024_Both01_Both06_O62,638.5,1348.2,,
965,8122024,2024,Warm,01,Cont,06,G,61,2024_Warm01_Cont06_G61,351.5,823.1,,
972,8122024,2024,Hyp,01,Cont,06,B,61,2024_Hyp01_Cont06_B61,194.9,508,,
998,8122024,2024,Both,01,Cont,06,O,61,2024_Both01_Cont06_O61,292.9,715.1,,
1006,8122024,2024,Cont,01,Cont,06,W,61,2024_Cont01_Cont06_W61,210.2,519.8,,
1016,8122024,2024,Cont,01,Warm,06,W,61,2024_Cont01_Warm06_W61,832.5,2494.6,,
1020,8122024,2024,Warm,01,Warm,06,G,61,2024_Warm01_Warm06_G61,325,918.7,,
1030,8122024,2024,Hyp,01,Warm,06,B,61,2024_Hyp01_Warm06_B61,214.2,496.2,,
1033,8122024,2024,Both,01,Warm,06,O,61,2024_Both01_Warm06_O61,646.6,1476,,
1062,8122024,2024,Both,01,Hyp,06,O,61,2024_Both01_Hyp06_O61,356.7,781.5,,
1068,8122024,2024,Cont,01,Hyp,06,W,61,2024_Cont01_Hyp06_W61,426.9,984.5,,
1086,8122024,2024,Cont,06,Hyp,06,W,71,2024_Cont06_Hyp06_W71,613.8,1592.2,,"09.23.24 SKM changed data point in working post phase 2.1 from W61 to W71, was written down wrong on the data sheet but verified that this is actually W71 from the photos. Also changed Phase 1 info and 'Sample_Name"""
1095,8122024,2024,Warm,01,Hyp,06,G,61,2024_Warm01_Hyp06_G61,375.5,802,,
1097,8122024,2024,Hyp,01,Hyp,06,B,61,2024_Hyp01_Hyp06_B61,217.2,550.7,,
1111,8122024,2024,Hyp,01,Both,06,B,61,2024_Hyp01_Both06_B61,103.6,261.7,,
1125,8122024,2024,Warm,01,Both,06,G,61,2024_Warm01_Both06_G61,776.5,1551.2,,
1145,8122024,2024,Cont,01,Both,06,W,61,2024_Cont01_Both06_W61,320.9,731.7,,
1148,8122024,2024,Both,01,Both,06,O,61,2024_Both01_Both06_O61,185.4,487.5,,
777,8122024,2024,Cont,06,Cont,05,W,60,2024_Cont06_Cont05_W60,328.7,873.9,,
779,8122024,2024,Hyp,06,Cont,05,B,60,2024_Hyp06_Cont05_B60,272.3,718.9,,
804,8122024,2024,Both,06,Cont,05,O,60,2024_Both06_Cont05_O60,151.6,337.8,,
813,8122024,2024,Warm,06,Cont,05,G,60,2024_Warm06_Cont05_G60,301.9,694.9,,
832,8122024,2024,Both,06,Warm,05,O,60,2024_Both06_Warm05_O60,154,366.9,,
856,8122024,2024,Hyp,06,Warm,05,B,60,2024_Hyp06_Warm05_B60,194.4,480.4,,
859,8122024,2024,Warm,06,Warm,05,G,60,2024_Warm06_Warm05_G60,521.3,1289.7,,
862,8122024,2024,Cont,06,Warm,05,W,60,2024_Cont06_Warm05_W60,702.7,1702.9,,
873,8122024,2024,Cont,06,Hyp,05,W,60,2024_Cont06_Hyp05_W60,460.2,1014.1,,
879,8122024,2024,Hyp,06,Hyp,05,B,60,2024_Hyp06_Hyp05_B60,287.1,661.1,,
882,8122024,2024,Both,06,Hyp,05,O,60,2024_Both06_Hyp05_O60,274.3,700.2,,
896,8122024,2024,Warm,06,Hyp,05,G,60,2024_Warm06_Hyp05_G60,601.2,1373.2,,
932,8122024,2024,Both,06,Both,05,O,60,2024_Both06_Both05_O60,292.8,782.8,,
933,8122024,2024,Warm,06,Both,05,G,60,2024_Warm06_Both05_G60,318,834.4,,
947,8122024,2024,Cont,06,Both,05,W,60,2024_Cont06_Both05_W60,621.9,1801.7,,
951,8122024,2024,Hyp,06,Both,05,B,60,2024_Hyp06_Both05_B60,198.3,500.3,,
775,8122024,2024,Cont,06,Cont,05,W,59,2024_Cont06_Cont05_W59,441.9,945.8,,
795,8122024,2024,Both,06,Cont,05,O,59,2024_Both06_Cont05_O59,275,661.5,,
800,8122024,2024,Warm,06,Cont,05,G,59,2024_Warm06_Cont05_G59,368.7,851.6,,
816,8122024,2024,Hyp,06,Cont,05,B,59,2024_Hyp06_Cont05_B59,275.2,673.1,,
820,8122024,2024,Both,06,Warm,05,O,59,2024_Both06_Warm05_O59,457,1121.6,,
828,8122024,2024,Hyp,06,Warm,05,B,59,2024_Hyp06_Warm05_B59,595.9,1476.3,,
846,8122024,2024,Cont,06,Warm,05,W,59,2024_Cont06_Warm05_W59,544.6,1417.9,,
851,8122024,2024,Warm,06,Warm,05,G,59,2024_Warm06_Warm05_G59,608,1383,,
865,8122024,2024,Hyp,06,Hyp,05,B,59,2024_Hyp06_Hyp05_B59,157.7,344.4,,
897,8122024,2024,Both,06,Hyp,05,O,59,2024_Both06_Hyp05_O59,226.5,551.1,,
908,8122024,2024,Warm,06,Hyp,05,G,59,2024_Warm06_Hyp05_G59,343.9,897.8,,
910,8122024,2024,Cont,06,Hyp,05,W,59,2024_Cont06_Hyp05_W59,384.9,920.9,,
916,8122024,2024,Both,06,Both,05,O,59,2024_Both06_Both05_O59,473.1,1178.3,,
946,8122024,2024,Warm,06,Both,05,G,59,2024_Warm06_Both05_G59,265.6,628.4,,
953,8122024,2024,Hyp,06,Both,05,B,59,2024_Hyp06_Both05_B59,294.9,650,,
956,8122024,2024,Cont,06,Both,05,W,59,2024_Cont06_Both05_W59,137,314.1,,
784,8122024,2024,Hyp,05,Cont,05,B,58,2024_Hyp05_Cont05_B58,312,698.6,,
787,8122024,2024,Warm,05,Cont,05,G,58,2024_Warm05_Cont05_G58,300.5,774.7,,
798,8122024,2024,Both,05,Cont,05,O,58,2024_Both05_Cont05_O58,410.5,937.1,,
805,8122024,2024,Cont,05,Cont,05,W,58,2024_Cont05_Cont05_W58,301.6,688.2,,
850,8122024,2024,Cont,05,Warm,05,W,58,2024_Cont05_Warm05_W58,574.8,1392.6,,
853,8122024,2024,Hyp,05,Warm,05,B,58,2024_Hyp05_Warm05_B58,180,418.3,,
855,8122024,2024,Warm,05,Warm,05,G,58,2024_Warm05_Warm05_G58,156.9,449.8,,
858,8122024,2024,Both,05,Warm,05,O,58,2024_Both05_Warm05_O58,237.2,528,,
892,8122024,2024,Warm,05,Hyp,05,G,58,2024_Warm05_Hyp05_G58,309.1,758.7,,
893,8122024,2024,Both,05,Hyp,05,O,58,2024_Both05_Hyp05_O58,432.8,1046.7,,
899,8122024,2024,Cont,05,Hyp,05,W,58,2024_Cont05_Hyp05_W58,380.1,1022,,
911,8122024,2024,Hyp,05,Hyp,05,B,58,2024_Hyp05_Hyp05_B58,186.2,416,,
927,8122024,2024,Hyp,05,Both,05,B,58,2024_Hyp05_Both05_B58,324.3,839.8,,
940,8122024,2024,Both,05,Both,05,O,58,2024_Both05_Both05_O58,350.7,826,,
949,8122024,2024,Warm,05,Both,05,G,58,2024_Warm05_Both05_G58,307.1,765.9,,
950,8122024,2024,Cont,05,Both,05,W,58,2024_Cont05_Both05_W58,822,1786.5,,
790,8122024,2024,Both,05,Cont,05,O,57,2024_Both05_Cont05_O57,539.2,1345.6,,
802,8122024,2024,Cont,05,Cont,05,W,57,2024_Cont05_Cont05_W57,458.5,1109.7,,
809,8122024,2024,Warm,05,Cont,05,G,57,2024_Warm05_Cont05_G57,200.9,448.2,,
810,8122024,2024,Hyp,05,Cont,05,B,57,2024_Hyp05_Cont05_B57,267.7,743.7,,
827,8122024,2024,Cont,05,Warm,05,W,57,2024_Cont05_Warm05_W57,672.8,1742.6,,
841,8122024,2024,Hyp,05,Warm,05,B,57,2024_Hyp05_Warm05_B57,585.2,1451.1,,
848,8122024,2024,Warm,05,Warm,05,G,57,2024_Warm05_Warm05_G57,361.1,867.8,,
857,8122024,2024,Both,05,Warm,05,O,57,2024_Both05_Warm05_O57,601,1536.6,,
883,8122024,2024,Warm,05,Hyp,05,G,57,2024_Warm05_Hyp05_G57,181.7,473.4,,
888,8122024,2024,Cont,05,Hyp,05,W,57,2024_Cont05_Hyp05_W57,296.7,669.6,,
902,8122024,2024,Both,05,Hyp,05,O,57,2024_Both05_Hyp05_O57,220.9,629.4,,
909,8122024,2024,Hyp,05,Hyp,05,B,57,2024_Hyp05_Hyp05_B57,691.1,1495.1,,
928,8122024,2024,Warm,05,Both,05,G,57,2024_Warm05_Both05_G57,731.1,1754,,
931,8122024,2024,Both,05,Both,05,O,57,2024_Both05_Both05_O57,406.7,912.9,,
939,8122024,2024,Hyp,05,Both,05,B,57,2024_Hyp05_Both05_B57,194.8,472.9,,
941,8122024,2024,Cont,05,Both,05,W,57,2024_Cont05_Both05_W57,361.9,862.2,,
772,8122024,2024,Both,04,Cont,05,O,56,2024_Both04_Cont05_O56,288.2,686.6,,
773,8122024,2024,Hyp,04,Cont,05,B,56,2024_Hyp04_Cont05_B56,406.7,1096.4,,
786,8122024,2024,Warm,04,Cont,05,G,56,2024_Warm04_Cont05_G56,248.3,662.2,,
799,8122024,2024,Cont,04,Cont,05,W,56,2024_Cont04_Cont05_W56,474,1169.5,,
817,8122024,2024,Warm,04,Warm,05,G,56,2024_Warm04_Warm05_G56,488.3,1176.5,,
823,8122024,2024,Hyp,04,Warm,05,B,56,2024_Hyp04_Warm05_B56,366.1,847.7,,
840,8122024,2024,Cont,04,Warm,05,W,56,2024_Cont04_Warm05_W56,266.8,564.8,,
854,8122024,2024,Both,04,Warm,05,O,56,2024_Both04_Warm05_O56,485.6,1183.7,,
866,8122024,2024,Warm,04,Hyp,05,G,56,2024_Warm04_Hyp05_G56,184.5,502.9,,
868,8122024,2024,Cont,04,Hyp,05,W,56,2024_Cont04_Hyp05_W56,536.8,1290,,
886,8122024,2024,Both,04,Hyp,05,O,56,2024_Both04_Hyp05_O56,240.2,587.2,,
903,8122024,2024,Hyp,04,Hyp,05,B,56,2024_Hyp04_Hyp05_B56,133.6,349.3,,
915,8122024,2024,Cont,04,Both,05,W,56,2024_Cont04_Both05_W56,495.6,1157.8,,
919,8122024,2024,Warm,04,Both,05,G,56,2024_Warm04_Both05_G56,176.8,470.1,,
923,8122024,2024,Both,04,Both,05,O,56,2024_Both04_Both05_O56,418.7,919.6,,
924,8122024,2024,Hyp,04,Both,05,B,56,2024_Hyp04_Both05_B56,445.4,975.9,,
774,8122024,2024,Warm,04,Cont,05,G,55,2024_Warm04_Cont05_G55,316.7,846.3,,
782,8122024,2024,Cont,04,Cont,05,W,55,2024_Cont04_Cont05_W55,356.8,910.9,,
785,8122024,2024,Hyp,04,Cont,05,B,55,2024_Hyp04_Cont05_B55,173.2,419.5,,
788,8122024,2024,Both,04,Cont,05,O,55,2024_Both04_Cont05_O55,260.8,650.2,,
818,8122024,2024,Cont,04,Warm,05,W,55,2024_Cont04_Warm05_W55,261.1,636,,
829,8122024,2024,Warm,04,Warm,05,G,55,2024_Warm04_Warm05_G55,561.7,1283.9,,
836,8122024,2024,Both,04,Warm,05,O,55,2024_Both04_Warm05_O55,194.4,420.4,,
838,8122024,2024,Hyp,04,Warm,05,B,55,2024_Hyp04_Warm05_B55,224.5,547.1,,
871,8122024,2024,Both,04,Hyp,05,O,55,2024_Both04_Hyp05_O55,416.1,1233.4,,
880,8122024,2024,Cont,04,Hyp,05,W,55,2024_Cont04_Hyp05_W55,224.3,580.2,,
887,8122024,2024,Warm,04,Hyp,05,G,55,2024_Warm04_Hyp05_G55,210.9,489.2,,
890,8122024,2024,Hyp,04,Hyp,05,B,55,2024_Hyp04_Hyp05_B55,850.5,1897.4,,
920,8122024,2024,Hyp,04,Both,05,B,55,2024_Hyp04_Both05_B55,246.3,588.7,,
930,8122024,2024,Warm,04,Both,05,G,55,2024_Warm04_Both05_G55,418.4,1069.7,,
934,8122024,2024,Cont,04,Both,05,W,55,2024_Cont04_Both05_W55,296.5,705.3,,
957,8122024,2024,Both,04,Both,05,O,55,2024_Both04_Both05_O55,296.2,755.6,,
769,8122024,2024,Hyp,03,Cont,05,B,54,2024_Hyp03_Cont05_B54,391.9,964.7,,
796,8122024,2024,Both,03,Cont,05,O,54,2024_Both03_Cont05_O54,783.6,1806.7,,
801,8122024,2024,Cont,03,Cont,05,W,54,2024_Cont03_Cont05_W54,409.5,995.1,,
808,8122024,2024,Warm,03,Cont,05,G,54,2024_Warm03_Cont05_G54,329,765.5,,
821,8122024,2024,Warm,03,Warm,05,G,54,2024_Warm03_Warm05_G54,304.8,763.8,,
843,8122024,2024,Cont,03,Warm,05,W,54,2024_Cont03_Warm05_W54,600.2,1374.8,,
852,8122024,2024,Both,03,Warm,05,O,54,2024_Both03_Warm05_O54,384.6,1112.6,,
864,8122024,2024,Hyp,03,Warm,05,B,54,2024_Hyp03_Warm05_B54,391.9,944.6,,
867,8122024,2024,Cont,03,Hyp,05,W,54,2024_Cont03_Hyp05_W54,300.9,707.6,,
878,8122024,2024,Hyp,03,Hyp,05,B,54,2024_Hyp03_Hyp05_B54,335.7,800.8,,
889,8122024,2024,Both,03,Hyp,05,O,54,2024_Both03_Hyp05_O54,490.3,1210.4,,
894,8122024,2024,Warm,03,Hyp,05,G,54,2024_Warm03_Hyp05_G54,267.6,675.8,,
917,8122024,2024,Warm,03,Both,05,G,54,2024_Warm03_Both05_G54,368.9,926.8,,
929,8122024,2024,Cont,03,Both,05,W,54,2024_Cont03_Both05_W54,361,928.8,,
948,8122024,2024,Both,03,Both,05,O,54,2024_Both03_Both05_O54,224.2,546.4,,
958,8122024,2024,Hyp,03,Both,05,B,54,2024_Hyp03_Both05_B54,179.6,468.5,,
780,8122024,2024,Hyp,03,Cont,05,B,53,2024_Hyp03_Cont05_B53,483.2,1269.4,,
789,8122024,2024,Cont,03,Cont,05,W,53,2024_Cont03_Cont05_W53,233.2,615.9,,
791,8122024,2024,Both,03,Cont,05,O,53,2024_Both03_Cont05_O53,85.9,217,,
812,8122024,2024,Warm,03,Cont,05,G,53,2024_Warm03_Cont05_G53,354,927.1,,
825,8122024,2024,Warm,03,Warm,05,G,53,2024_Warm03_Warm05_G53,455.8,905,,
826,8122024,2024,Cont,03,Warm,05,W,53,2024_Cont03_Warm05_W53,347.8,774.5,,
844,8122024,2024,Hyp,03,Warm,05,B,53,2024_Hyp03_Warm05_B53,334.7,748.1,,
861,8122024,2024,Both,03,Warm,05,O,53,2024_Both03_Warm05_O53,252.8,661.3,,
875,8122024,2024,Cont,03,Hyp,05,W,53,2024_Cont03_Hyp05_W53,468.4,1039.9,,
877,8122024,2024,Warm,03,Hyp,05,G,53,2024_Warm03_Hyp05_G53,599.3,1862.1,,
901,8122024,2024,Hyp,03,Hyp,05,B,53,2024_Hyp03_Hyp05_B53,322.2,822.4,,
904,8122024,2024,Both,03,Hyp,05,O,53,2024_Both03_Hyp05_O53,238.3,568.3,,
926,8122024,2024,Warm,03,Both,05,G,53,2024_Warm03_Both05_G53,325.4,819.6,,
942,8122024,2024,Cont,03,Both,05,W,53,2024_Cont03_Both05_W53,162.5,376,,
954,8122024,2024,Hyp,03,Both,05,B,53,2024_Hyp03_Both05_B53,251.7,627.3,,
960,8122024,2024,Both,03,Both,05,O,53,2024_Both03_Both05_O53,201.1,477.3,,"Missing oyster from this batch, must have taken for genetics"
781,8122024,2024,Warm,02,Cont,05,G,52,2024_Warm02_Cont05_G52,581.4,1578.3,,
792,8122024,2024,Cont,02,Cont,05,W,52,2024_Cont02_Cont05_W52,184.1,416,,
806,8122024,2024,Both,02,Cont,05,O,52,2024_Both02_Cont05_O52,229,587.1,,
811,8122024,2024,Hyp,02,Cont,05,B,52,2024_Hyp02_Cont05_B52,126.3,356.8,,
819,8122024,2024,Cont,02,Warm,05,W,52,2024_Cont02_Warm05_W52,495.7,1069.5,,
831,8122024,2024,Both,02,Warm,05,O,52,2024_Both02_Warm05_O52,450.4,1064.6,,
835,8122024,2024,Warm,02,Warm,05,G,52,2024_Warm02_Warm05_G52,263.9,602.5,,
837,8122024,2024,Hyp,02,Warm,05,B,52,2024_Hyp02_Warm05_B52,214.4,530.9,,
881,8122024,2024,Both,02,Hyp,05,O,52,2024_Both02_Hyp05_O52,269,596.5,,
884,8122024,2024,Hyp,02,Hyp,05,B,52,2024_Hyp02_Hyp05_B52,252.9,442,,
898,8122024,2024,Cont,02,Hyp,05,W,52,2024_Cont02_Hyp05_W52,398.7,953.4,,
900,8122024,2024,Warm,02,Hyp,05,G,52,2024_Warm02_Hyp05_G52,411.1,1096.2,,
921,8122024,2024,Cont,02,Both,05,W,52,2024_Cont02_Both05_W52,464.9,1145.8,,
935,8122024,2024,Both,02,Both,05,O,52,2024_Both02_Both05_O52,403.8,813.1,,
936,8122024,2024,Hyp,02,Both,05,B,52,2024_Hyp02_Both05_B52,306.6,700.9,,
937,8122024,2024,Warm,02,Both,05,G,52,2024_Warm02_Both05_G52,148.9,391.2,,
770,8122024,2024,Cont,02,Cont,05,W,51,2024_Cont02_Cont05_W51,436.3,1042.8,,
771,8122024,2024,Warm,02,Cont,05,G,51,2024_Warm02_Cont05_G51,236.7,562.8,,
807,8122024,2024,Both,02,Cont,05,O,51,2024_Both02_Cont05_O51,322.5,699.5,,
814,8122024,2024,Hyp,02,Cont,05,B,51,2024_Hyp02_Cont05_B51,334,863.5,,
834,8122024,2024,Cont,02,Warm,05,W,51,2024_Cont02_Warm05_W51,277,689.1,,
847,8122024,2024,Warm,02,Warm,05,G,51,2024_Warm02_Warm05_G51,425.6,1044.9,,
860,8122024,2024,Hyp,02,Warm,05,B,51,2024_Hyp02_Warm05_B51,326.6,854.6,,
863,8122024,2024,Both,02,Warm,05,O,51,2024_Both02_Warm05_O51,NA,NA,Dead,
872,8122024,2024,Hyp,02,Hyp,05,B,51,2024_Hyp02_Hyp05_B51,186.5,516.2,,
895,8122024,2024,Warm,02,Hyp,05,G,51,2024_Warm02_Hyp05_G51,404.5,896.3,,
906,8122024,2024,Cont,02,Hyp,05,W,51,2024_Cont02_Hyp05_W51,235.2,592.1,,
912,8122024,2024,Both,02,Hyp,05,O,51,2024_Both02_Hyp05_O51,NA,NA,Dead,
913,8122024,2024,Hyp,02,Both,05,B,51,2024_Hyp02_Both05_B51,430.8,1064.2,,
914,8122024,2024,Both,02,Both,05,O,51,2024_Both02_Both05_O51,199.4,479.6,,
938,8122024,2024,Warm,02,Both,05,G,51,2024_Warm02_Both05_G51,428.3,1050.2,,
959,8122024,2024,Cont,02,Both,05,W,51,2024_Cont02_Both05_W51,473.1,1041.9,,
778,8122024,2024,Warm,01,Cont,05,G,50,2024_Warm01_Cont05_G50,580.2,1360,,
783,8122024,2024,Both,01,Cont,05,O,50,2024_Both01_Cont05_O50,224.3,577.6,,
794,8122024,2024,Cont,01,Cont,05,W,50,2024_Cont01_Cont05_W50,757.5,1696.2,,
815,8122024,2024,Hyp,01,Cont,05,B,50,2024_Hyp01_Cont05_B50,215.5,596.7,,
824,8122024,2024,Both,01,Warm,05,O,50,2024_Both01_Warm05_O50,559.4,1301.3,,
833,8122024,2024,Hyp,01,Warm,05,B,50,2024_Hyp01_Warm05_B50,245.4,603.5,,
845,8122024,2024,Warm,01,Warm,05,G,50,2024_Warm01_Warm05_G50,374.8,951.8,,
849,8122024,2024,Cont,01,Warm,05,W,50,2024_Cont01_Warm05_W50,448,1030.8,,
870,8122024,2024,Both,01,Hyp,05,O,50,2024_Both01_Hyp05_O50,102.6,284.2,,
874,8122024,2024,Warm,01,Hyp,05,G,50,2024_Warm01_Hyp05_G50,334.7,855.6,,
876,8122024,2024,Hyp,01,Hyp,05,B,50,2024_Hyp01_Hyp05_B50,277.1,650.1,,
905,8122024,2024,Cont,01,Hyp,05,W,50,2024_Cont01_Hyp05_W50,627.2,1588.6,,
922,8122024,2024,Cont,01,Both,05,W,50,2024_Cont01_Both05_W50,516.3,1065.2,,
945,8122024,2024,Warm,01,Both,05,G,50,2024_Warm01_Both05_G50,429.5,1050.5,,
952,8122024,2024,Hyp,01,Both,05,B,50,2024_Hyp01_Both05_B50,93.3,299,,
955,8122024,2024,Both,01,Both,05,O,50,2024_Both01_Both05_O50,450,1063.9,,
776,8122024,2024,Both,01,Cont,05,O,49,2024_Both01_Cont05_O49,260.5,685.9,,
793,8122024,2024,Warm,01,Cont,05,G,49,2024_Warm01_Cont05_G49,330.5,855.7,,
797,8122024,2024,Hyp,01,Cont,05,B,49,2024_Hyp01_Cont05_B49,660.4,1719.3,,
803,8122024,2024,Cont,01,Cont,05,W,49,2024_Cont01_Cont05_W49,284.3,642,,
822,8122024,2024,Hyp,01,Warm,05,B,49,2024_Hyp01_Warm05_B49,450.5,1155.8,,
830,8122024,2024,Warm,01,Warm,05,G,49,2024_Warm01_Warm05_G49,681.6,1581.9,,Had worms on it + sediment
839,8122024,2024,Both,01,Warm,05,O,49,2024_Both01_Warm05_O49,232.8,573.7,,
842,8122024,2024,Cont,01,Warm,05,W,49,2024_Cont01_Warm05_W49,417.6,1024.8,,
869,8122024,2024,Warm,01,Hyp,05,G,49,2024_Warm01_Hyp05_G49,313.3,738.1,,
885,8122024,2024,Both,01,Hyp,05,O,49,2024_Both01_Hyp05_O49,468,1133.9,,
891,8122024,2024,Cont,01,Hyp,05,W,49,2024_Cont01_Hyp05_W49,234,559,,
907,8122024,2024,Hyp,01,Hyp,05,B,49,2024_Hyp01_Hyp05_B49,316.3,845.9,,
918,8122024,2024,Cont,01,Both,05,W,49,2024_Cont01_Both05_W49,518.7,1269.7,,
925,8122024,2024,Hyp,01,Both,05,B,49,2024_Hyp01_Both05_B49,438.7,952.6,,
943,8122024,2024,Both,01,Both,05,O,49,2024_Both01_Both05_O49,392.1,947.9,,
944,8122024,2024,Warm,01,Both,05,G,49,2024_Warm01_Both05_G49,365.4,944.4,,
582,8122024,2024,Hyp,06,Cont,04,B,48,2024_Hyp06_Cont04_B48,100.9,246.1,,
593,8122024,2024,Both,06,Cont,04,O,48,2024_Both06_Cont04_O48,287.3,664.9,,
603,8122024,2024,Warm,06,Cont,04,G,48,2024_Warm06_Cont04_G48,264.9,736.7,,
624,8122024,2024,Cont,06,Cont,04,W,48,2024_Cont06_Cont04_W48,157.7,419,,
625,8122024,2024,Warm,06,Warm,04,G,48,2024_Warm06_Warm04_G48,247.2,544.4,,
652,8122024,2024,Both,06,Warm,04,O,48,2024_Both06_Warm04_O48,660.5,1467.1,,
655,8122024,2024,Hyp,06,Warm,04,B,48,2024_Hyp06_Warm04_B48,419.8,925.8,,
672,8122024,2024,Cont,06,Warm,04,W,48,2024_Cont06_Warm04_W48,485.1,1289.5,,
680,8122024,2024,Cont,06,Hyp,04,W,48,2024_Cont06_Hyp04_W48,285.6,722.2,,
702,8122024,2024,Both,06,Hyp,04,O,48,2024_Both06_Hyp04_O48,254.9,625.4,,
706,8122024,2024,Hyp,06,Hyp,04,B,48,2024_Hyp06_Hyp04_B48,223.5,505.4,,
710,8122024,2024,Warm,06,Hyp,04,G,48,2024_Warm06_Hyp04_G48,205.1,542.5,,
727,8122024,2024,Warm,06,Both,04,G,48,2024_Warm06_Both04_G48,489.4,1167.7,,
736,8122024,2024,Cont,06,Both,04,W,48,2024_Cont06_Both04_W48,408.4,999.4,,
737,8122024,2024,Hyp,06,Both,04,B,48,2024_Hyp06_Both04_B48,321.1,750.5,,
755,8122024,2024,Both,06,Both,04,O,48,2024_Both06_Both04_O48,124,309.7,,
596,8122024,2024,Warm,06,Cont,04,G,47,2024_Warm06_Cont04_G47,207.3,498.3,,
614,8122024,2024,Cont,06,Cont,04,W,47,2024_Cont06_Cont04_W47,309.7,780.2,,
619,8122024,2024,Both,06,Cont,04,O,47,2024_Both06_Cont04_O47,384.5,1041.3,,
635,8122024,2024,Warm,06,Warm,04,G,47,2024_Warm06_Warm04_G47,475.3,1156.8,,
638,8122024,2024,Cont,06,Warm,04,W,47,2024_Cont06_Warm04_W47,291.8,859.9,,
657,8122024,2024,Hyp,06,Warm,04,B,47,2024_Hyp06_Warm04_B47,181.7,431.3,,
663,8122024,2024,Both,06,Warm,04,O,47,2024_Both06_Warm04_O47,230,619.4,,
681,8122024,2024,Hyp,06,Hyp,04,B,47,2024_Hyp06_Hyp04_B47,292.1,709.9,,
691,8122024,2024,Cont,06,Hyp,04,W,47,2024_Cont06_Hyp04_W47,692.2,1647,,
714,8122024,2024,Warm,06,Hyp,04,G,47,2024_Warm06_Hyp04_G47,204.3,472.4,,
719,8122024,2024,Both,06,Hyp,04,O,47,2024_Both06_Hyp04_O47,112.4,284.8,,
735,8122024,2024,Both,06,Both,04,O,47,2024_Both06_Both04_O47,124.1,299.2,,
743,8122024,2024,Warm,06,Both,04,G,47,2024_Warm06_Both04_G47,213.8,507.9,,
745,8122024,2024,Hyp,06,Both,04,B,47,2024_Hyp06_Both04_B47,278.4,681,,
768,8122024,2024,Cont,06,Both,04,W,47,2024_Cont06_Both04_W47,175.4,463.3,,
577,8122024,2024,Both,05,Cont,04,O,46,2024_Both05_Cont04_O46,206.8,501.7,,
579,8122024,2024,Hyp,05,Cont,04,B,46,2024_Hyp05_Cont04_B46,305.8,760.8,,
589,8122024,2024,Warm,05,Cont,04,G,46,2024_Warm05_Cont04_G46,260,641.6,,
591,8122024,2024,Cont,05,Cont,04,W,46,2024_Cont05_Cont04_W46,772.3,1846.5,,
626,8122024,2024,Hyp,05,Warm,04,B,46,2024_Hyp05_Warm04_B46,243.5,625.4,,
631,8122024,2024,Warm,05,Warm,04,G,46,2024_Warm05_Warm04_G46,368.9,860.5,,
637,8122024,2024,Cont,05,Warm,04,W,46,2024_Cont05_Warm04_W46,159.5,380.2,,
644,8122024,2024,Both,05,Warm,04,O,46,2024_Both05_Warm04_O46,249,644.7,,
673,8122024,2024,Cont,05,Hyp,04,W,46,2024_Cont05_Hyp04_W46,217,610.7,,
679,8122024,2024,Warm,05,Hyp,04,G,46,2024_Warm05_Hyp04_G46,157.8,367.8,,
692,8122024,2024,Both,05,Hyp,04,O,46,2024_Both05_Hyp04_O46,404.7,1012.2,,
707,8122024,2024,Hyp,05,Hyp,04,B,46,2024_Hyp05_Hyp04_B46,221.2,572.4,,
726,8122024,2024,Cont,05,Both,04,W,46,2024_Cont05_Both04_W46,480.2,1119,,
728,8122024,2024,Warm,05,Both,04,G,46,2024_Warm05_Both04_G46,637.2,1549.3,,
744,8122024,2024,Hyp,05,Both,04,B,46,2024_Hyp05_Both04_B46,159.7,368.9,,
751,8122024,2024,Both,05,Both,04,O,46,2024_Both05_Both04_O46,178.4,449.1,,
581,8122024,2024,Warm,05,Cont,04,G,45,2024_Warm05_Cont04_G45,478.7,1205.9,,
585,8122024,2024,Both,05,Cont,04,O,45,2024_Both05_Cont04_O45,376.5,875.5,,
600,8122024,2024,Hyp,05,Cont,04,B,45,2024_Hyp05_Cont04_B45,317.8,830.9,,
622,8122024,2024,Cont,05,Cont,04,W,45,2024_Cont05_Cont04_W45,685,1713.5,,
630,8122024,2024,Cont,05,Warm,04,W,45,2024_Cont05_Warm04_W45,244.3,551,,
634,8122024,2024,Hyp,05,Warm,04,B,45,2024_Hyp05_Warm04_B45,693.5,1767.6,,
636,8122024,2024,Warm,05,Warm,04,G,45,2024_Warm05_Warm04_G45,308.1,711.6,,
669,8122024,2024,Both,05,Warm,04,O,45,2024_Both05_Warm04_O45,264.6,668.7,,
675,8122024,2024,Both,05,Hyp,04,O,45,2024_Both05_Hyp04_O45,169.2,434.3,,
689,8122024,2024,Warm,05,Hyp,04,G,45,2024_Warm05_Hyp04_G45,402.4,1091.4,,
693,8122024,2024,Cont,05,Hyp,04,W,45,2024_Cont05_Hyp04_W45,297.9,711.4,,
698,8122024,2024,Hyp,05,Hyp,04,B,45,2024_Hyp05_Hyp04_B45,204.5,504.5,,
722,8122024,2024,Hyp,05,Both,04,B,45,2024_Hyp05_Both04_B45,192.2,495.2,,
741,8122024,2024,Warm,05,Both,04,G,45,2024_Warm05_Both04_G45,131.3,323,,
742,8122024,2024,Cont,05,Both,04,W,45,2024_Cont05_Both04_W45,142.6,364.2,,
754,8122024,2024,Both,05,Both,04,O,45,2024_Both05_Both04_O45,180.7,438.3,,
601,8122024,2024,Warm,04,Cont,04,G,44,2024_Warm04_Cont04_G44,364.3,883.3,,
604,8122024,2024,Both,04,Cont,04,O,44,2024_Both04_Cont04_O44,385.6,1033.2,,
608,8122024,2024,Cont,04,Cont,04,W,44,2024_Cont04_Cont04_W44,323.4,751.1,,
611,8122024,2024,Hyp,04,Cont,04,B,44,2024_Hyp04_Cont04_B44,232,583.4,,
633,8122024,2024,Warm,04,Warm,04,G,44,2024_Warm04_Warm04_G44,382.3,938,,
646,8122024,2024,Hyp,04,Warm,04,B,44,2024_Hyp04_Warm04_B44,253.4,583.4,,
649,8122024,2024,Both,04,Warm,04,O,44,2024_Both04_Warm04_O44,419.1,1035.1,,
661,8122024,2024,Cont,04,Warm,04,W,44,2024_Cont04_Warm04_W44,251,650.6,,
684,8122024,2024,Warm,04,Hyp,04,G,44,2024_Warm04_Hyp04_G44,303.5,724.6,,
697,8122024,2024,Hyp,04,Hyp,04,B,44,2024_Hyp04_Hyp04_B44,499,1257.5,,
700,8122024,2024,Both,04,Hyp,04,O,44,2024_Both04_Hyp04_O44,195.2,506.6,,
708,8122024,2024,Cont,04,Hyp,04,W,44,2024_Cont04_Hyp04_W44,237.6,551.2,,
739,8122024,2024,Cont,04,Both,04,W,44,2024_Cont04_Both04_W44,140.6,337.9,,
753,8122024,2024,Hyp,04,Both,04,B,44,2024_Hyp04_Both04_B44,194.4,463.8,,
756,8122024,2024,Warm,04,Both,04,G,44,2024_Warm04_Both04_G44,323.1,831.6,,
764,8122024,2024,Both,04,Both,04,O,44,2024_Both04_Both04_O44,348,874,,
590,8122024,2024,Cont,04,Cont,04,W,43,2024_Cont04_Cont04_W43,161.3,433,,
602,8122024,2024,Hyp,04,Cont,04,B,43,2024_Hyp04_Cont04_B43,338.7,1031.3,,
605,8122024,2024,Warm,04,Cont,04,G,43,2024_Warm04_Cont04_G43,511.1,1418.6,,
607,8122024,2024,Both,04,Cont,04,O,43,2024_Both04_Cont04_O43,409.2,981.1,,
650,8122024,2024,Cont,04,Warm,04,W,43,2024_Cont04_Warm04_W43,229.8,526.7,,
658,8122024,2024,Warm,04,Warm,04,G,43,2024_Warm04_Warm04_G43,632.5,1534.4,,
659,8122024,2024,Both,04,Warm,04,O,43,2024_Both04_Warm04_O43,495.5,1148.9,,
670,8122024,2024,Hyp,04,Warm,04,B,43,2024_Hyp04_Warm04_B43,376.7,902.4,,
682,8122024,2024,Hyp,04,Hyp,04,B,43,2024_Hyp04_Hyp04_B43,197.7,426.6,,
705,8122024,2024,Cont,04,Hyp,04,W,43,2024_Cont04_Hyp04_W43,458.4,1194.9,,
711,8122024,2024,Both,04,Hyp,04,O,43,2024_Both04_Hyp04_O43,202.7,566.4,,
716,8122024,2024,Warm,04,Hyp,04,G,43,2024_Warm04_Hyp04_G43,199.4,463.5,,
729,8122024,2024,Hyp,04,Both,04,B,43,2024_Hyp04_Both04_B43,219.8,566.2,,
747,8122024,2024,Warm,04,Both,04,G,43,2024_Warm04_Both04_G43,272.8,745.4,,
760,8122024,2024,Both,04,Both,04,O,43,2024_Both04_Both04_O43,406.8,930,,
766,8122024,2024,Cont,04,Both,04,W,43,2024_Cont04_Both04_W43,408.2,1047.9,,
583,8122024,2024,Cont,03,Cont,04,W,42,2024_Cont03_Cont04_W42,302.1,775.9,,
586,8122024,2024,Warm,03,Cont,04,G,42,2024_Warm03_Cont04_G42,591.6,1511.8,,
610,8122024,2024,Hyp,03,Cont,04,B,42,2024_Hyp03_Cont04_B42,533.7,1458.2,,
616,8122024,2024,Both,03,Cont,04,O,42,2024_Both03_Cont04_O42,371.1,854.5,,
639,8122024,2024,Hyp,03,Warm,04,B,42,2024_Hyp03_Warm04_B42,364.3,884.1,,
640,8122024,2024,Cont,03,Warm,04,W,42,2024_Cont03_Warm04_W42,278.2,651.9,,
647,8122024,2024,Both,03,Warm,04,O,42,2024_Both03_Warm04_O42,341.6,854.5,,
665,8122024,2024,Warm,03,Warm,04,G,42,2024_Warm03_Warm04_G42,254.4,642.7,,
685,8122024,2024,Both,03,Hyp,04,O,42,2024_Both03_Hyp04_O42,122.6,333.2,,
687,8122024,2024,Hyp,03,Hyp,04,B,42,2024_Hyp03_Hyp04_B42,676.7,1737.4,,
703,8122024,2024,Cont,03,Hyp,04,W,42,2024_Cont03_Hyp04_W42,364.6,882.7,,
712,8122024,2024,Warm,03,Hyp,04,G,42,2024_Warm03_Hyp04_G42,277.4,633.1,,
732,8122024,2024,Both,03,Both,04,O,42,2024_Both03_Both04_O42,144.6,346.3,,
734,8122024,2024,Hyp,03,Both,04,B,42,2024_Hyp03_Both04_B42,311.9,698.5,,
750,8122024,2024,Cont,03,Both,04,W,42,2024_Cont03_Both04_W42,243,603,,
752,8122024,2024,Warm,03,Both,04,G,42,2024_Warm03_Both04_G42,243.1,549.7,,
584,8122024,2024,Warm,03,Cont,04,G,41,2024_Warm03_Cont04_G41,284.2,750.6,,
599,8122024,2024,Cont,03,Cont,04,W,41,2024_Cont03_Cont04_W41,511.6,1240.7,,
613,8122024,2024,Both,03,Cont,04,O,41,2024_Both03_Cont04_O41,136.1,336.1,,
623,8122024,2024,Hyp,03,Cont,04,B,41,2024_Hyp03_Cont04_B41,247.3,699.5,,
629,8122024,2024,Cont,03,Warm,04,W,41,2024_Cont03_Warm04_W41,524.4,1167.6,,
632,8122024,2024,Both,03,Warm,04,O,41,2024_Both03_Warm04_O41,336.2,894,,
645,8122024,2024,Warm,03,Warm,04,G,41,2024_Warm03_Warm04_G41,298.2,747.7,,
668,8122024,2024,Hyp,03,Warm,04,B,41,2024_Hyp03_Warm04_B41,521.6,1202.8,,
676,8122024,2024,Both,03,Hyp,04,O,41,2024_Both03_Hyp04_O41,227.5,700.5,,
677,8122024,2024,Hyp,03,Hyp,04,B,41,2024_Hyp03_Hyp04_B41,309,778.4,,
683,8122024,2024,Warm,03,Hyp,04,G,41,2024_Warm03_Hyp04_G41,391.2,1048,,
720,8122024,2024,Cont,03,Hyp,04,W,41,2024_Cont03_Hyp04_W41,185.1,440,,
724,8122024,2024,Hyp,03,Both,04,B,41,2024_Hyp03_Both04_B41,367.9,853.9,,
725,8122024,2024,Both,03,Both,04,O,41,2024_Both03_Both04_O41,219.2,555.8,,
763,8122024,2024,Warm,03,Both,04,G,41,2024_Warm03_Both04_G41,257.3,604,,
765,8122024,2024,Cont,03,Both,04,W,41,2024_Cont03_Both04_W41,830.5,2287.5,,Still wet
578,8122024,2024,Both,02,Cont,04,O,40,2024_Both02_Cont04_O40,198.5,454.6,,
595,8122024,2024,Hyp,02,Cont,04,B,40,2024_Hyp02_Cont04_B40,402.5,1041.3,,
606,8122024,2024,Warm,02,Cont,04,G,40,2024_Warm02_Cont04_G40,439.2,1053.9,,
618,8122024,2024,Cont,02,Cont,04,W,40,2024_Cont02_Cont04_W40,328.3,772.2,,
642,8122024,2024,Both,02,Warm,04,O,40,2024_Both02_Warm04_O40,184.9,449.6,,
651,8122024,2024,Hyp,02,Warm,04,B,40,2024_Hyp02_Warm04_B40,289.1,723.7,,
653,8122024,2024,Warm,02,Warm,04,G,40,2024_Warm02_Warm04_G40,533.5,1245.1,,
664,8122024,2024,Cont,02,Warm,04,W,40,2024_Cont02_Warm04_W40,535.2,1247.2,,
695,8122024,2024,Cont,02,Hyp,04,W,40,2024_Cont02_Hyp04_W40,134,326.3,,
696,8122024,2024,Both,02,Hyp,04,O,40,2024_Both02_Hyp04_O40,321.2,736.6,,
713,8122024,2024,Warm,02,Hyp,04,G,40,2024_Warm02_Hyp04_G40,229.2,512.9,,
715,8122024,2024,Hyp,02,Hyp,04,B,40,2024_Hyp02_Hyp04_B40,169.3,409.3,,
733,8122024,2024,Warm,02,Both,04,G,40,2024_Warm02_Both04_G40,166.3,398.2,,
740,8122024,2024,Both,02,Both,04,O,40,2024_Both02_Both04_O40,468.3,1070.2,,
748,8122024,2024,Hyp,02,Both,04,B,40,2024_Hyp02_Both04_B40,464.8,1042.4,,
762,8122024,2024,Cont,02,Both,04,W,40,2024_Cont02_Both04_W40,202.5,464.2,,
597,8122024,2024,Both,02,Cont,04,O,39,2024_Both02_Cont04_O39,436.4,1050.1,,
612,8122024,2024,Hyp,02,Cont,04,B,39,2024_Hyp02_Cont04_B39,417.5,965.5,,
617,8122024,2024,Cont,02,Cont,04,W,39,2024_Cont02_Cont04_W39,392.8,1039.1,,
621,8122024,2024,Warm,02,Cont,04,G,39,2024_Warm02_Cont04_G39,510.7,1290,,
656,8122024,2024,Warm,02,Warm,04,G,39,2024_Warm02_Warm04_G39,422.9,1016.2,,
662,8122024,2024,Both,02,Warm,04,O,39,2024_Both02_Warm04_O39,828.8,1966,,
666,8122024,2024,Hyp,02,Warm,04,B,39,2024_Hyp02_Warm04_B39,227.7,582.1,,
667,8122024,2024,Cont,02,Warm,04,W,39,2024_Cont02_Warm04_W39,411.1,933.5,,
699,8122024,2024,Both,02,Hyp,04,O,39,2024_Both02_Hyp04_O39,555.3,1188.2,,
704,8122024,2024,Hyp,02,Hyp,04,B,39,2024_Hyp02_Hyp04_B39,412.3,990.3,,
717,8122024,2024,Cont,02,Hyp,04,W,39,2024_Cont02_Hyp04_W39,NA,NA,Dead,
718,8122024,2024,Warm,02,Hyp,04,G,39,2024_Warm02_Hyp04_G39,198.9,524.9,,
746,8122024,2024,Warm,02,Both,04,G,39,2024_Warm02_Both04_G39,350.1,821.4,,
749,8122024,2024,Cont,02,Both,04,W,39,2024_Cont02_Both04_W39,353.5,888.1,,
757,8122024,2024,Hyp,02,Both,04,B,39,2024_Hyp02_Both04_B39,452.1,1112.8,,
759,8122024,2024,Both,02,Both,04,O,39,2024_Both02_Both04_O39,85.5,222.6,,
588,8122024,2024,Cont,01,Cont,04,W,38,2024_Cont01_Cont04_W38,684.2,1576.7,,
598,8122024,2024,Hyp,01,Cont,04,B,38,2024_Hyp01_Cont04_B38,291.4,650.3,,
609,8122024,2024,Warm,01,Cont,04,G,38,2024_Warm01_Cont04_G38,156.7,363.5,,
620,8122024,2024,Both,01,Cont,04,O,38,2024_Both01_Cont04_O38,379.7,964.4,,
628,8122024,2024,Hyp,01,Warm,04,B,38,2024_Hyp01_Warm04_B38,294.4,684.4,,
641,8122024,2024,Cont,01,Warm,04,W,38,2024_Cont01_Warm04_W38,573.2,1333,,
648,8122024,2024,Both,01,Warm,04,O,38,2024_Both01_Warm04_O38,329.8,742.3,,
660,8122024,2024,Warm,01,Warm,04,G,38,2024_Warm01_Warm04_G38,383.4,974.6,,
678,8122024,2024,Warm,01,Hyp,04,G,38,2024_Warm01_Hyp04_G38,363.1,875,,
686,8122024,2024,Hyp,01,Hyp,04,B,38,2024_Hyp01_Hyp04_B38,400.4,1070.9,,
688,8122024,2024,Cont,01,Hyp,04,W,38,2024_Cont01_Hyp04_W38,239.4,578.2,,
709,8122024,2024,Both,01,Hyp,04,O,38,2024_Both01_Hyp04_O38,237.4,601,,
721,8122024,2024,Cont,01,Both,04,W,38,2024_Cont01_Both04_W38,252.5,630.1,,
731,8122024,2024,Warm,01,Both,04,G,38,2024_Warm01_Both04_G38,412.7,987.2,,
738,8122024,2024,Both,01,Both,04,O,38,2024_Both01_Both04_O38,117,278.1,,
761,8122024,2024,Hyp,01,Both,04,B,38,2024_Hyp01_Both04_B38,398.2,968,,
580,8122024,2024,Cont,01,Cont,04,W,37,2024_Cont01_Cont04_W37,297.3,780.4,,
592,8122024,2024,Warm,01,Cont,04,G,37,2024_Warm01_Cont04_G37,213.8,495.2,,
594,8122024,2024,Both,01,Cont,04,O,37,2024_Both01_Cont04_O37,325.1,765,,
615,8122024,2024,Hyp,01,Cont,04,B,37,2024_Hyp01_Cont04_B37,529.6,1282.9,,
627,8122024,2024,Both,01,Warm,04,O,37,2024_Both01_Warm04_O37,382.8,685.6,,
643,8122024,2024,Hyp,01,Warm,04,B,37,2024_Hyp01_Warm04_B37,492.6,1212.8,,
654,8122024,2024,Warm,01,Warm,04,G,37,2024_Warm01_Warm04_G37,330.3,727.2,,
671,8122024,2024,Cont,01,Warm,04,W,37,2024_Cont01_Warm04_W37,499.1,1101.3,,
674,8122024,2024,Hyp,01,Hyp,04,B,37,2024_Hyp01_Hyp04_B37,431.2,987.5,,
690,8122024,2024,Warm,01,Hyp,04,G,37,2024_Warm01_Hyp04_G37,267.7,690.6,,
694,8122024,2024,Both,01,Hyp,04,O,37,2024_Both01_Hyp04_O37,268.7,633.3,,
701,8122024,2024,Cont,01,Hyp,04,W,37,2024_Cont01_Hyp04_W37,385.6,919.9,,
723,8122024,2024,Both,01,Both,04,O,37,2024_Both01_Both04_O37,666.5,1826.6,,
730,8122024,2024,Cont,01,Both,04,W,37,2024_Cont01_Both04_W37,387.4,914.6,,
758,8122024,2024,Warm,01,Both,04,G,37,2024_Warm01_Both04_G37,412.6,1166.6,,Still wet
767,8122024,2024,Hyp,01,Both,04,B,37,2024_Hyp01_Both04_B37,229.4,558.4,,
387,8122024,2024,Hyp,06,Cont,03,B,36,2024_Hyp06_Cont03_B36,235.8,573.4,,
395,8122024,2024,Cont,06,Cont,03,W,36,2024_Cont06_Cont03_W36,800.2,2199.9,,
404,8122024,2024,Warm,06,Cont,03,G,36,2024_Warm06_Cont03_G36,617.7,1321.1,,
429,8122024,2024,Both,06,Cont,03,O,36,2024_Both06_Cont03_O36,290.9,756.1,,
439,8122024,2024,Warm,06,Warm,03,G,36,2024_Warm06_Warm03_G36,536,1251.3,,
447,8122024,2024,Hyp,06,Warm,03,B,36,2024_Hyp06_Warm03_B36,207.5,495.2,,
448,8122024,2024,Cont,06,Warm,03,W,36,2024_Cont06_Warm03_W36,361.9,824.8,,
452,8122024,2024,Both,06,Warm,03,O,36,2024_Both06_Warm03_O36,159.1,373.2,,
484,8122024,2024,Cont,06,Hyp,03,W,36,2024_Cont06_Hyp03_W36,495.3,1209.8,,
497,8122024,2024,Warm,06,Hyp,03,G,36,2024_Warm06_Hyp03_G36,140.4,373.5,,
498,8122024,2024,Hyp,06,Hyp,03,B,36,2024_Hyp06_Hyp03_B36,488.9,1175.3,,
503,8122024,2024,Both,06,Hyp,03,O,36,2024_Both06_Hyp03_O36,193.2,423.6,,
533,8122024,2024,Hyp,06,Both,03,B,36,2024_Hyp06_Both03_B36,276.1,712.4,,
535,8122024,2024,Both,06,Both,03,O,36,2024_Both06_Both03_O36,325.2,770.5,,
551,8122024,2024,Warm,06,Both,03,G,36,2024_Warm06_Both03_G36,176.7,393.1,,
568,8122024,2024,Cont,06,Both,03,W,36,2024_Cont06_Both03_W36,310.6,817.5,,
385,8122024,2024,Warm,06,Cont,03,G,35,2024_Warm06_Cont03_G35,368.2,827.7,,
388,8122024,2024,Cont,06,Cont,03,W,35,2024_Cont06_Cont03_W35,318.5,815.5,,
400,8122024,2024,Both,06,Cont,03,O,35,2024_Both06_Cont03_O35,892.9,2079.1,,
407,8122024,2024,Hyp,06,Cont,03,B,35,2024_Hyp06_Cont03_B35,279.6,674.3,,
433,8122024,2024,Cont,06,Warm,03,W,35,2024_Cont06_Warm03_W35,278.8,799.9,,
434,8122024,2024,Both,06,Warm,03,O,35,2024_Both06_Warm03_O35,337.1,898.6,,
453,8122024,2024,Warm,06,Warm,03,G,35,2024_Warm06_Warm03_G35,460.9,1105.8,,
464,8122024,2024,Hyp,06,Warm,03,B,35,2024_Hyp06_Warm03_B35,435.3,1088,,
481,8122024,2024,Hyp,06,Hyp,03,B,35,2024_Hyp06_Hyp03_B35,352.5,818.4,,
485,8122024,2024,Both,06,Hyp,03,O,35,2024_Both06_Hyp03_O35,378.6,862.7,,
504,8122024,2024,Cont,06,Hyp,03,W,35,2024_Cont06_Hyp03_W35,507.7,1304.2,,
522,8122024,2024,Warm,06,Hyp,03,G,35,2024_Warm06_Hyp03_G35,151.6,382.9,,
532,8122024,2024,Warm,06,Both,03,G,35,2024_Warm06_Both03_G35,359.1,930.5,,
543,8122024,2024,Hyp,06,Both,03,B,35,2024_Hyp06_Both03_B35,724.6,1597.2,,
552,8122024,2024,Both,06,Both,03,O,35,2024_Both06_Both03_O35,110.2,277.4,,
553,8122024,2024,Cont,06,Both,03,W,35,2024_Cont06_Both03_W35,417,1092,,
408,8122024,2024,Cont,05,Cont,03,W,34,2024_Cont05_Cont03_W34,327.3,718.6,,
410,8122024,2024,Warm,05,Cont,03,G,34,2024_Warm05_Cont03_G34,982,2177.3,,
419,8122024,2024,Both,05,Cont,03,O,34,2024_Both05_Cont03_O34,439.9,1073.9,,
424,8122024,2024,Hyp,05,Cont,03,B,34,2024_Hyp05_Cont03_B34,399.4,962.7,,
451,8122024,2024,Both,05,Warm,03,O,34,2024_Both05_Warm03_O34,251.1,563.5,,
460,8122024,2024,Warm,05,Warm,03,G,34,2024_Warm05_Warm03_G34,282.6,765.8,,
471,8122024,2024,Cont,05,Warm,03,W,34,2024_Cont05_Warm03_W34,207.3,477.6,,
478,8122024,2024,Hyp,05,Warm,03,B,34,2024_Hyp05_Warm03_B34,234.2,537.7,,
490,8122024,2024,Cont,05,Hyp,03,W,34,2024_Cont05_Hyp03_W34,259.9,622.5,,
491,8122024,2024,Hyp,05,Hyp,03,B,34,2024_Hyp05_Hyp03_B34,348.3,829.8,,
501,8122024,2024,Both,05,Hyp,03,O,34,2024_Both05_Hyp03_O34,203.6,496.8,,
516,8122024,2024,Warm,05,Hyp,03,G,34,2024_Warm05_Hyp03_G34,337,803.7,,
534,8122024,2024,Hyp,05,Both,03,B,34,2024_Hyp05_Both03_B34,99.1,243.8,,
545,8122024,2024,Cont,05,Both,03,W,34,2024_Cont05_Both03_W34,475.3,1149.8,,
563,8122024,2024,Both,05,Both,03,O,34,2024_Both05_Both03_O34,375.8,846.8,,
564,8122024,2024,Warm,05,Both,03,G,34,2024_Warm05_Both03_G34,167.4,375.2,,
392,8122024,2024,Cont,05,Cont,03,W,33,2024_Cont05_Cont03_W33,300.3,827.9,,
396,8122024,2024,Warm,05,Cont,03,G,33,2024_Warm05_Cont03_G33,470.7,1148.3,,
406,8122024,2024,Hyp,05,Cont,03,B,33,2024_Hyp05_Cont03_B33,345.2,908.4,,
423,8122024,2024,Both,05,Cont,03,O,33,2024_Both05_Cont03_O33,752.1,1641.4,,
440,8122024,2024,Both,05,Warm,03,O,33,2024_Both05_Warm03_O33,234.4,540.9,,
444,8122024,2024,Cont,05,Warm,03,W,33,2024_Cont05_Warm03_W33,311.9,806.1,,
457,8122024,2024,Warm,05,Warm,03,G,33,2024_Warm05_Warm03_G33,345.4,874.2,,
466,8122024,2024,Hyp,05,Warm,03,B,33,2024_Hyp05_Warm03_B33,682.3,1812.8,,
487,8122024,2024,Hyp,05,Hyp,03,B,33,2024_Hyp05_Hyp03_B33,187.5,458.2,,
509,8122024,2024,Cont,05,Hyp,03,W,33,2024_Cont05_Hyp03_W33,664.3,1605,,
519,8122024,2024,Warm,05,Hyp,03,G,33,2024_Warm05_Hyp03_G33,455.1,1022.3,,
526,8122024,2024,Both,05,Hyp,03,O,33,2024_Both05_Hyp03_O33,302.5,745.1,,
544,8122024,2024,Hyp,05,Both,03,B,33,2024_Hyp05_Both03_B33,443.1,1053.5,,
561,8122024,2024,Warm,05,Both,03,G,33,2024_Warm05_Both03_G33,420.2,1053.8,,
571,8122024,2024,Both,05,Both,03,O,33,2024_Both05_Both03_O33,326.9,839.9,,
572,8122024,2024,Cont,05,Both,03,W,33,2024_Cont05_Both03_W33,537.5,1324.7,,
386,8122024,2024,Hyp,04,Cont,03,B,32,2024_Hyp04_Cont03_B32,400.1,920.1,,
426,8122024,2024,Cont,04,Cont,03,W,32,2024_Cont04_Cont03_W32,306.2,690.6,,
428,8122024,2024,Warm,04,Cont,03,G,32,2024_Warm04_Cont03_G32,360.1,796.1,,
436,8122024,2024,Warm,04,Warm,03,G,32,2024_Warm04_Warm03_G32,185.3,471.4,,
458,8122024,2024,Cont,04,Warm,03,W,32,2024_Cont04_Warm03_W32,309.4,823.9,,
463,8122024,2024,Hyp,04,Warm,03,B,32,2024_Hyp04_Warm03_B32,136.7,317.1,,
469,8122024,2024,Both,04,Warm,03,O,32,2024_Both04_Warm03_O32,303.2,798.7,,
482,8122024,2024,Cont,04,Hyp,03,W,32,2024_Cont04_Hyp03_W32,290.3,647.1,,
492,8122024,2024,Both,04,Hyp,03,O,32,2024_Both04_Hyp03_O32,197.1,590.1,,
495,8122024,2024,Hyp,04,Hyp,03,B,32,2024_Hyp04_Hyp03_B32,551.1,1350.3,,
496,8122024,2024,Warm,04,Hyp,03,G,32,2024_Warm04_Hyp03_G32,332.1,813.4,,
529,8122024,2024,Both,04,Both,03,O,32,2024_Both04_Both03_O32,319.7,744.3,,
567,8122024,2024,Cont,04,Both,03,W,32,2024_Cont04_Both03_W32,274.3,668.4,,
569,8122024,2024,Warm,04,Both,03,G,32,2024_Warm04_Both03_G32,386,860.6,,
574,8122024,2024,Hyp,04,Both,03,B,32,2024_Hyp04_Both03_B32,245,566.5,,
399,8122024,2024,Hyp,04,Cont,03,B,31,2024_Hyp04_Cont03_B31,260.8,657.2,,
413,8122024,2024,Cont,04,Cont,03,W,31,2024_Cont04_Cont03_W31,313.8,752.4,,
417,8122024,2024,Warm,04,Cont,03,G,31,2024_Warm04_Cont03_G31,271.5,706,,
422,8122024,2024,Both,04,Cont,03,O,31,2024_Both04_Cont03_O31,843.5,1759.7,,
442,8122024,2024,Cont,04,Warm,03,W,31,2024_Cont04_Warm03_W31,417,837.5,,
445,8122024,2024,Warm,04,Warm,03,G,31,2024_Warm04_Warm03_G31,247.6,634.6,,
475,8122024,2024,Hyp,04,Warm,03,B,31,2024_Hyp04_Warm03_B31,397.2,1070.5,,
476,8122024,2024,Both,04,Warm,03,O,31,2024_Both04_Warm03_O31,323,772.8,,
499,8122024,2024,Cont,04,Hyp,03,W,31,2024_Cont04_Hyp03_W31,327.5,811.7,,
510,8122024,2024,Hyp,04,Hyp,03,B,31,2024_Hyp04_Hyp03_B31,378.5,972.8,,
518,8122024,2024,Both,04,Hyp,03,O,31,2024_Both04_Hyp03_O31,278.4,651.8,,
521,8122024,2024,Warm,04,Hyp,03,G,31,2024_Warm04_Hyp03_G31,245.4,605.3,,
539,8122024,2024,Both,04,Both,03,O,31,2024_Both04_Both03_O31,177.4,427.9,,
540,8122024,2024,Cont,04,Both,03,W,31,2024_Cont04_Both03_W31,334,819.4,,
556,8122024,2024,Hyp,04,Both,03,B,31,2024_Hyp04_Both03_B31,380.9,919.1,,
559,8122024,2024,Warm,04,Both,03,G,31,2024_Warm04_Both03_G31,424.3,1110.9,,
391,8122024,2024,Both,03,Cont,03,O,30,2024_Both03_Cont03_O30,449.8,1190,,
394,8122024,2024,Cont,03,Cont,03,W,30,2024_Cont03_Cont03_W30,696.1,1757.8,,
401,8122024,2024,Warm,03,Cont,03,G,30,2024_Warm03_Cont03_G30,188.2,452.1,,
427,8122024,2024,Hyp,03,Cont,03,B,30,2024_Hyp03_Cont03_B30,262.4,655.8,,
438,8122024,2024,Hyp,03,Warm,03,B,30,2024_Hyp03_Warm03_B30,178.2,405,,
455,8122024,2024,Warm,03,Warm,03,G,30,2024_Warm03_Warm03_G30,258.4,671.5,,
456,8122024,2024,Cont,03,Warm,03,W,30,2024_Cont03_Warm03_W30,333.3,836.5,,
472,8122024,2024,Both,03,Warm,03,O,30,2024_Both03_Warm03_O30,625.1,1578.2,,
488,8122024,2024,Warm,03,Hyp,03,G,30,2024_Warm03_Hyp03_G30,158.3,401.1,,
489,8122024,2024,Cont,03,Hyp,03,W,30,2024_Cont03_Hyp03_W30,249.1,757.3,,
500,8122024,2024,Both,03,Hyp,03,O,30,2024_Both03_Hyp03_O30,660.5,1909.3,,
523,8122024,2024,Hyp,03,Hyp,03,B,30,2024_Hyp03_Hyp03_B30,315.7,778.3,,
531,8122024,2024,Cont,03,Both,03,W,30,2024_Cont03_Both03_W30,232,532.6,,
538,8122024,2024,Hyp,03,Both,03,B,30,2024_Hyp03_Both03_B30,312.3,787.5,,
554,8122024,2024,Both,03,Both,03,O,30,2024_Both03_Both03_O30,174.5,461.1,,
390,8122024,2024,Warm,03,Cont,03,G,29,2024_Warm03_Cont03_G29,422.2,1034.8,,
398,8122024,2024,Both,03,Cont,03,O,29,2024_Both03_Cont03_O29,469.5,1093.4,,
421,8122024,2024,Cont,03,Cont,03,W,29,2024_Cont03_Cont03_W29,265.2,635,,
431,8122024,2024,Hyp,03,Cont,03,B,29,2024_Hyp03_Cont03_B29,293.9,740.6,,
435,8122024,2024,Cont,03,Warm,03,W,29,2024_Cont03_Warm03_W29,166,377.9,,
446,8122024,2024,Hyp,03,Warm,03,B,29,2024_Hyp03_Warm03_B29,334.2,776.1,,
454,8122024,2024,Both,03,Warm,03,O,29,2024_Both03_Warm03_O29,288.3,726.5,,
477,8122024,2024,Warm,03,Warm,03,G,29,2024_Warm03_Warm03_G29,412.5,1212.2,,
486,8122024,2024,Both,03,Hyp,03,O,29,2024_Both03_Hyp03_O29,488.2,1270.6,,
494,8122024,2024,Warm,03,Hyp,03,G,29,2024_Warm03_Hyp03_G29,198.2,454.4,,
505,8122024,2024,Cont,03,Hyp,03,W,29,2024_Cont03_Hyp03_W29,388.2,965.4,,
507,8122024,2024,Hyp,03,Hyp,03,B,29,2024_Hyp03_Hyp03_B29,252.7,629.2,,
530,8122024,2024,Warm,03,Both,03,G,29,2024_Warm03_Both03_G29,284.1,834.4,,
548,8122024,2024,Cont,03,Both,03,W,29,2024_Cont03_Both03_W29,145.9,347.9,,
558,8122024,2024,Both,03,Both,03,O,29,2024_Both03_Both03_O29,599.5,1568.4,,
566,8122024,2024,Hyp,03,Both,03,B,29,2024_Hyp03_Both03_B29,69.4,228.8,,
393,8122024,2024,Warm,02,Cont,03,G,28,2024_Warm02_Cont03_G28,907.7,2528.2,,
409,8122024,2024,Both,02,Cont,03,O,28,2024_Both02_Cont03_O28,288.8,692.7,,
412,8122024,2024,Hyp,02,Cont,03,B,28,2024_Hyp02_Cont03_B28,391.4,845.1,,
418,8122024,2024,Cont,02,Cont,03,W,28,2024_Cont02_Cont03_W28,353.1,839.3,,
449,8122024,2024,Hyp,02,Warm,03,B,28,2024_Hyp02_Warm03_B28,564.2,1428.6,,
473,8122024,2024,Both,02,Warm,03,O,28,2024_Both02_Warm03_O28,283.6,714.5,,
479,8122024,2024,Warm,02,Warm,03,G,28,2024_Warm02_Warm03_G28,259.5,652.7,,
480,8122024,2024,Cont,02,Warm,03,W,28,2024_Cont02_Warm03_W28,160.4,379.7,,
493,8122024,2024,Hyp,02,Hyp,03,B,28,2024_Hyp02_Hyp03_B28,192.5,507.6,,
506,8122024,2024,Both,02,Hyp,03,O,28,2024_Both02_Hyp03_O28,500,1224.6,,
524,8122024,2024,Warm,02,Hyp,03,G,28,2024_Warm02_Hyp03_G28,271,676,,
525,8122024,2024,Cont,02,Hyp,03,W,28,2024_Cont02_Hyp03_W28,332.7,738.2,,
550,8122024,2024,Warm,02,Both,03,G,28,2024_Warm02_Both03_G28,174.3,424,,
560,8122024,2024,Both,02,Both,03,O,28,2024_Both02_Both03_O28,222.7,561.1,,
570,8122024,2024,Cont,02,Both,03,W,28,2024_Cont02_Both03_W28,306.6,752.8,,
575,8122024,2024,Hyp,02,Both,03,B,28,2024_Hyp02_Both03_B28,190.5,498.3,,
403,8122024,2024,Hyp,02,Cont,03,B,27,2024_Hyp02_Cont03_B27,493.7,1227.7,,
405,8122024,2024,Both,02,Cont,03,O,27,2024_Both02_Cont03_O27,420.8,1047.2,,
414,8122024,2024,Warm,02,Cont,03,G,27,2024_Warm02_Cont03_G27,822.6,1890.7,,
416,8122024,2024,Cont,02,Cont,03,W,27,2024_Cont02_Cont03_W27,829.7,2018.7,,
450,8122024,2024,Both,02,Warm,03,O,27,2024_Both02_Warm03_O27,267.7,803.6,,
459,8122024,2024,Hyp,02,Warm,03,B,27,2024_Hyp02_Warm03_B27,731.8,1664.7,,
465,8122024,2024,Cont,02,Warm,03,W,27,2024_Cont02_Warm03_W27,220,560.4,,
467,8122024,2024,Warm,02,Warm,03,G,27,2024_Warm02_Warm03_G27,224.9,526.4,,
511,8122024,2024,Both,02,Hyp,03,O,27,2024_Both02_Hyp03_O27,62.7,175.6,,
515,8122024,2024,Warm,02,Hyp,03,G,27,2024_Warm02_Hyp03_G27,595.6,1423.4,,
517,8122024,2024,Hyp,02,Hyp,03,B,27,2024_Hyp02_Hyp03_B27,298.6,753.1,,
528,8122024,2024,Cont,02,Hyp,03,W,27,2024_Cont02_Hyp03_W27,353.3,825.8,,
549,8122024,2024,Both,02,Both,03,O,27,2024_Both02_Both03_O27,186.8,435.9,,
557,8122024,2024,Hyp,02,Both,03,B,27,2024_Hyp02_Both03_B27,347.3,835.9,,
562,8122024,2024,Cont,02,Both,03,W,27,2024_Cont02_Both03_W27,289.2,674.7,,
576,8122024,2024,Warm,02,Both,03,G,27,2024_Warm02_Both03_G27,141.5,398.1,,
389,8122024,2024,Both,01,Cont,03,O,26,2024_Both01_Cont03_O26,772.1,1874.9,,double 
397,8122024,2024,Cont,01,Cont,03,W,26,2024_Cont01_Cont03_W26,658.6,1715.7,,
425,8122024,2024,Hyp,01,Cont,03,B,26,2024_Hyp01_Cont03_B26,343.5,807.2,,
432,8122024,2024,Warm,01,Cont,03,G,26,2024_Warm01_Cont03_G26,616.5,1412.6,,
437,8122024,2024,Hyp,01,Warm,03,B,26,2024_Hyp01_Warm03_B26,188.3,478.9,,
462,8122024,2024,Warm,01,Warm,03,G,26,2024_Warm01_Warm03_G26,659.1,1452.5,,
468,8122024,2024,Both,01,Warm,03,O,26,2024_Both01_Warm03_O26,222.4,589.5,,
470,8122024,2024,Cont,01,Warm,03,W,26,2024_Cont01_Warm03_W26,245.4,621.2,,
483,8122024,2024,Warm,01,Hyp,03,G,26,2024_Warm01_Hyp03_G26,462.1,1227.4,,
513,8122024,2024,Both,01,Hyp,03,O,26,2024_Both01_Hyp03_O26,198.4,473.5,,
514,8122024,2024,Hyp,01,Hyp,03,B,26,2024_Hyp01_Hyp03_B26,228.5,587.9,,
520,8122024,2024,Cont,01,Hyp,03,W,26,2024_Cont01_Hyp03_W26,237.7,572.6,,
536,8122024,2024,Cont,01,Both,03,W,26,2024_Cont01_Both03_W26,205.9,496.8,,
537,8122024,2024,Warm,01,Both,03,G,26,2024_Warm01_Both03_G26,441.4,1107.3,,
555,8122024,2024,Hyp,01,Both,03,B,26,2024_Hyp01_Both03_B26,226.6,566.7,,
565,8122024,2024,Both,01,Both,03,O,26,2024_Both01_Both03_O26,292.3,660.7,,
402,8122024,2024,Both,01,Cont,03,O,25,2024_Both01_Cont03_O25,362,967.5,,
411,8122024,2024,Warm,01,Cont,03,G,25,2024_Warm01_Cont03_G25,634.6,1565.9,,
415,8122024,2024,Hyp,01,Cont,03,B,25,2024_Hyp01_Cont03_B25,263.2,704.9,,
430,8122024,2024,Cont,01,Cont,03,W,25,2024_Cont01_Cont03_W25,288.8,743.1,,
441,8122024,2024,Hyp,01,Warm,03,B,25,2024_Hyp01_Warm03_B25,460.1,1065.1,,
443,8122024,2024,Warm,01,Warm,03,G,25,2024_Warm01_Warm03_G25,320.1,840,,
461,8122024,2024,Cont,01,Warm,03,W,25,2024_Cont01_Warm03_W25,570.6,1432,,
474,8122024,2024,Both,01,Warm,03,O,25,2024_Both01_Warm03_O25,299.2,729.5,,
502,8122024,2024,Warm,01,Hyp,03,G,25,2024_Warm01_Hyp03_G25,279.5,669.4,,
508,8122024,2024,Both,01,Hyp,03,O,25,2024_Both01_Hyp03_O25,317.4,775.1,,
512,8122024,2024,Hyp,01,Hyp,03,B,25,2024_Hyp01_Hyp03_B25,265,641.7,,
527,8122024,2024,Cont,01,Hyp,03,W,25,2024_Cont01_Hyp03_W25,536,1326.2,,
541,8122024,2024,Hyp,01,Both,03,B,25,2024_Hyp01_Both03_B25,370.7,956.9,,
546,8122024,2024,Cont,01,Both,03,W,25,2024_Cont01_Both03_W25,321.9,811.4,,
547,8122024,2024,Both,01,Both,03,O,25,2024_Both01_Both03_O25,123.8,305.4,,
573,8122024,2024,Warm,01,Both,03,G,25,2024_Warm01_Both03_G25,67.4,183.8,,
199,8122024,2024,Both,06,Cont,02,O,24,2024_Both06_Cont02_O24,857.3,2074.4,,
230,8122024,2024,Warm,06,Cont,02,G,24,2024_Warm06_Cont02_G24,709.5,1512.1,,
235,8122024,2024,Cont,06,Cont,02,W,24,2024_Cont06_Cont02_W24,421.2,1081.3,,
238,8122024,2024,Hyp,06,Cont,02,B,24,2024_Hyp06_Cont02_B24,282.6,661,,
246,8122024,2024,Hyp,06,Warm,02,B,24,2024_Hyp06_Warm02_B24,669.6,1556.4,,
256,8122024,2024,Cont,06,Warm,02,W,24,2024_Cont06_Warm02_W24,885.4,2091.9,,
259,8122024,2024,Both,06,Warm,02,O,24,2024_Both06_Warm02_O24,940.6,1861.3,,
263,8122024,2024,Warm,06,Warm,02,G,24,2024_Warm06_Warm02_G24,637.3,1277.5,,
294,8122024,2024,Warm,06,Hyp,02,G,24,2024_Warm06_Hyp02_G24,138.6,416.4,,
309,8122024,2024,Both,06,Hyp,02,O,24,2024_Both06_Hyp02_O24,407.2,900.9,,
315,8122024,2024,Hyp,06,Hyp,02,B,24,2024_Hyp06_Hyp02_B24,561.7,1415.1,,
331,8122024,2024,Cont,06,Hyp,02,W,24,2024_Cont06_Hyp02_W24,836.1,2169,,
339,8122024,2024,Cont,06,Both,02,W,24,2024_Cont06_Both02_W24,550.1,1310.2,,
349,8122024,2024,Both,06,Both,02,O,24,2024_Both06_Both02_O24,440.2,1025.5,,
357,8122024,2024,Hyp,06,Both,02,B,24,2024_Hyp06_Both02_B24,536.4,1149.6,,
376,8122024,2024,Warm,06,Both,02,G,24,2024_Warm06_Both02_G24,557.4,1426.2,,
207,8122024,2024,Hyp,06,Cont,02,B,23,2024_Hyp06_Cont02_B23,891.5,2063.1,,
213,8122024,2024,Both,06,Cont,02,O,23,2024_Both06_Cont02_O23,282.5,648.5,,
220,8122024,2024,Warm,06,Cont,02,G,23,2024_Warm06_Cont02_G23,787.7,1805.6,,
227,8122024,2024,Cont,06,Cont,02,W,23,2024_Cont06_Cont02_W23,397.8,1041.3,,
254,8122024,2024,Hyp,06,Warm,02,B,23,2024_Hyp06_Warm02_B23,656.3,1528.8,,
266,8122024,2024,Both,06,Warm,02,O,23,2024_Both06_Warm02_O23,199.6,551.8,,
280,8122024,2024,Cont,06,Warm,02,W,23,2024_Cont06_Warm02_W23,1327.4,3145.1,,
283,8122024,2024,Warm,06,Warm,02,G,23,2024_Warm06_Warm02_G23,571.1,1214.6,,
300,8122024,2024,Cont,06,Hyp,02,W,23,2024_Cont06_Hyp02_W23,1190.3,2720.3,,
306,8122024,2024,Warm,06,Hyp,02,G,23,2024_Warm06_Hyp02_G23,911.9,1933.2,,
314,8122024,2024,Hyp,06,Hyp,02,B,23,2024_Hyp06_Hyp02_B23,428.1,1098.7,,
330,8122024,2024,Both,06,Hyp,02,O,23,2024_Both06_Hyp02_O23,408.2,1015.2,,"9.26.24 SKM changed from P 23 to O23 and phase 1 info, typo in entering the data"
354,8122024,2024,Warm,06,Both,02,G,23,2024_Warm06_Both02_G23,410,978.8,,
360,8122024,2024,Cont,06,Both,02,W,23,2024_Cont06_Both02_W23,1152.9,2831.5,,
364,8122024,2024,Both,06,Both,02,O,23,2024_Both06_Both02_O23,1049.7,2479.4,,
371,8122024,2024,Hyp,06,Both,02,B,23,2024_Hyp06_Both02_B23,549.2,1400.7,,
196,8122024,2024,Hyp,05,Cont,02,B,22,2024_Hyp05_Cont02_B22,507.5,1233.5,,
209,8122024,2024,Warm,05,Cont,02,G,22,2024_Warm05_Cont02_G22,717.8,1956.9,,
219,8122024,2024,Cont,05,Cont,02,W,22,2024_Cont05_Cont02_W22,739,1784.8,,
237,8122024,2024,Both,05,Cont,02,O,22,2024_Both05_Cont02_O22,407.8,989.4,,
245,8122024,2024,Warm,05,Warm,02,G,22,2024_Warm05_Warm02_G22,320.3,776.6,,
249,8122024,2024,Both,05,Warm,02,O,22,2024_Both05_Warm02_O22,755.7,1814.7,,
262,8122024,2024,Cont,05,Warm,02,W,22,2024_Cont05_Warm02_W22,311.5,717.6,,
275,8122024,2024,Hyp,05,Warm,02,B,22,2024_Hyp05_Warm02_B22,294.5,691.9,,
293,8122024,2024,Cont,05,Hyp,02,W,22,2024_Cont05_Hyp02_W22,693.2,1565.6,,
304,8122024,2024,Hyp,05,Hyp,02,B,22,2024_Hyp05_Hyp02_B22,642.4,1530.9,,
307,8122024,2024,Warm,05,Hyp,02,G,22,2024_Warm05_Hyp02_G22,369.5,916.1,,
311,8122024,2024,Both,05,Hyp,02,O,22,2024_Both05_Hyp02_O22,406.9,996.7,,
337,8122024,2024,Hyp,05,Both,02,B,22,2024_Hyp05_Both02_B22,224.8,516,,
346,8122024,2024,Warm,05,Both,02,G,22,2024_Warm05_Both02_G22,551,1294.9,,
365,8122024,2024,Both,05,Both,02,O,22,2024_Both05_Both02_O22,413.9,959.8,,
368,8122024,2024,Cont,05,Both,02,W,22,2024_Cont05_Both02_W22,479.4,1072.9,,
198,8122024,2024,Warm,05,Cont,02,G,21,2024_Warm05_Cont02_G21,626.8,1446,,
203,8122024,2024,Hyp,05,Cont,02,B,21,2024_Hyp05_Cont02_B21,1034.9,2291.8,,
212,8122024,2024,Both,05,Cont,02,O,21,2024_Both05_Cont02_O21,153.4,384.9,,
248,8122024,2024,Cont,05,Warm,02,W,21,2024_Cont05_Warm02_W21,483.4,1271.4,,
250,8122024,2024,Warm,05,Warm,02,G,21,2024_Warm05_Warm02_G21,689.4,1329.4,,
282,8122024,2024,Both,05,Warm,02,O,21,2024_Both05_Warm02_O21,402.3,914.1,,
288,8122024,2024,Hyp,05,Warm,02,B,21,2024_Hyp05_Warm02_B21,319,732.3,,
290,8122024,2024,Both,05,Hyp,02,O,21,2024_Both05_Hyp02_O21,767.7,1918.9,,
313,8122024,2024,Cont,05,Hyp,02,W,21,2024_Cont05_Hyp02_W21,502.8,1260.9,,
318,8122024,2024,Hyp,05,Hyp,02,B,21,2024_Hyp05_Hyp02_B21,693.2,1626.8,,
335,8122024,2024,Warm,05,Hyp,02,G,21,2024_Warm05_Hyp02_G21,454.4,1053.8,,
338,8122024,2024,Warm,05,Both,02,G,21,2024_Warm05_Both02_G21,503.9,1415.5,,
345,8122024,2024,Both,05,Both,02,O,21,2024_Both05_Both02_O21,608.8,1516.5,,
356,8122024,2024,Hyp,05,Both,02,B,21,2024_Hyp05_Both02_B21,396.6,886.1,,
369,8122024,2024,Cont,05,Both,02,W,21,2024_Cont05_Both02_W21,371.7,907.8,,
420,8122024,2024,Both,04,Cont,03,O,32,2024_Both04_Cont03_O32,684.6,1544.2,,09.26.24 SKM fixed to be O32 instead of O21 and updated phase 1 info
205,8122024,2024,Warm,04,Cont,02,G,20,2024_Warm04_Cont02_G20,880.6,2116,,
210,8122024,2024,Cont,04,Cont,02,W,20,2024_Cont04_Cont02_W20,530.9,1194.2,,
218,8122024,2024,Both,04,Cont,02,O,20,2024_Both04_Cont02_O20,559.3,1309.6,,
231,8122024,2024,Hyp,04,Cont,02,B,20,2024_Hyp04_Cont02_B20,680.7,1599.3,,
260,8122024,2024,Both,04,Warm,02,O,20,2024_Both04_Warm02_O20,429.8,943.7,,
274,8122024,2024,Cont,04,Warm,02,W,20,2024_Cont04_Warm02_W20,315.7,723.4,,
285,8122024,2024,Warm,04,Warm,02,G,20,2024_Warm04_Warm02_G20,490.1,1213.4,,
286,8122024,2024,Hyp,04,Warm,02,B,20,2024_Hyp04_Warm02_B20,271.4,639.3,,
308,8122024,2024,Hyp,04,Hyp,02,B,20,2024_Hyp04_Hyp02_B20,720.6,1723.7,,
317,8122024,2024,Cont,04,Hyp,02,W,20,2024_Cont04_Hyp02_W20,814,2165.3,,
324,8122024,2024,Both,04,Hyp,02,O,20,2024_Both04_Hyp02_O20,345.7,839,,
326,8122024,2024,Warm,04,Hyp,02,G,20,2024_Warm04_Hyp02_G20,714.9,1734.6,,
352,8122024,2024,Both,04,Both,02,O,20,2024_Both04_Both02_O20,364,778.8,,
353,8122024,2024,Hyp,04,Both,02,B,20,2024_Hyp04_Both02_B20,388,986.8,,
361,8122024,2024,Cont,04,Both,02,W,20,2024_Cont04_Both02_W20,395.6,891.6,,
379,8122024,2024,Warm,04,Both,02,G,20,2024_Warm04_Both02_G20,679,1800.5,,
197,8122024,2024,Cont,04,Cont,02,W,19,2024_Cont04_Cont02_W19,562.1,1408.6,,
206,8122024,2024,Both,04,Cont,02,O,19,2024_Both04_Cont02_O19,999.1,2281.7,,
217,8122024,2024,Warm,04,Cont,02,G,19,2024_Warm04_Cont02_G19,230.9,555.2,,
234,8122024,2024,Hyp,04,Cont,02,B,19,2024_Hyp04_Cont02_B19,595.3,1448.1,,
241,8122024,2024,Both,04,Warm,02,O,19,2024_Both04_Warm02_O19,231.5,563.9,,
257,8122024,2024,Hyp,04,Warm,02,B,19,2024_Hyp04_Warm02_B19,174.1,415.9,,
265,8122024,2024,Cont,04,Warm,02,W,19,2024_Cont04_Warm02_W19,965.6,2428.1,,
287,8122024,2024,Warm,04,Warm,02,G,19,2024_Warm04_Warm02_G19,447.3,992,,
291,8122024,2024,Hyp,04,Hyp,02,B,19,2024_Hyp04_Hyp02_B19,175.4,449.6,,
329,8122024,2024,Warm,04,Hyp,02,G,19,2024_Warm04_Hyp02_G19,559.2,1259.2,,
332,8122024,2024,Both,04,Hyp,02,O,19,2024_Both04_Hyp02_O19,335.9,768.4,,"9.26.24 SKM changed from P19 to O19 and phase 1 info, typo in entering the data"
334,8122024,2024,Cont,04,Hyp,02,W,19,2024_Cont04_Hyp02_W19,643.1,1488.8,,
344,8122024,2024,Both,04,Both,02,O,19,2024_Both04_Both02_O19,485.6,1255.5,,
367,8122024,2024,Warm,04,Both,02,G,19,2024_Warm04_Both02_G19,613.1,1499.8,,
375,8122024,2024,Hyp,04,Both,02,B,19,2024_Hyp04_Both02_B19,651.4,1631.5,,
384,8122024,2024,Cont,04,Both,02,W,19,2024_Cont04_Both02_W19,312.3,770.4,,
214,8122024,2024,Warm,03,Cont,02,G,18,2024_Warm03_Cont02_G18,474,1129.3,,
216,8122024,2024,Hyp,03,Cont,02,B,18,2024_Hyp03_Cont02_B18,933.9,2353.9,,
236,8122024,2024,Both,03,Cont,02,O,18,2024_Both03_Cont02_O18,1099.8,2501.9,,
258,8122024,2024,Both,03,Warm,02,O,18,2024_Both03_Warm02_O18,226.6,603.5,,
276,8122024,2024,Hyp,03,Warm,02,B,18,2024_Hyp03_Warm02_B18,602.9,1263.8,,
279,8122024,2024,Cont,03,Warm,02,W,18,2024_Cont03_Warm02_W18,1235.9,2999.3,,
281,8122024,2024,Warm,03,Warm,02,G,18,2024_Warm03_Warm02_G18,476.6,1150.3,,
297,8122024,2024,Warm,03,Hyp,02,G,18,2024_Warm03_Hyp02_G18,856.7,1988.7,,had gonad - female
303,8122024,2024,Hyp,03,Hyp,02,B,18,2024_Hyp03_Hyp02_B18,496.6,1161,,
310,8122024,2024,Both,03,Hyp,02,O,18,2024_Both03_Hyp02_O18,421.9,1165.4,,
322,8122024,2024,Cont,03,Hyp,02,W,18,2024_Cont03_Hyp02_W18,966.7,2455.9,,
348,8122024,2024,Warm,03,Both,02,G,18,2024_Warm03_Both02_G18,371.7,965,,
358,8122024,2024,Both,03,Both,02,O,18,2024_Both03_Both02_O18,273.7,683.1,,
359,8122024,2024,Cont,03,Both,02,W,18,2024_Cont03_Both02_W18,532.7,1357.7,,
382,8122024,2024,Hyp,03,Both,02,B,18,2024_Hyp03_Both02_B18,628.3,1377.2,,
194,8122024,2024,Cont,03,Cont,02,W,17,2024_Cont03_Cont02_W17,580,1368.1,,
221,8122024,2024,Both,03,Cont,02,O,17,2024_Both03_Cont02_O17,931.4,2124,,
224,8122024,2024,Warm,03,Cont,02,G,17,2024_Warm03_Cont02_G17,1090.6,2713.9,,
226,8122024,2024,Hyp,03,Cont,02,B,17,2024_Hyp03_Cont02_B17,506.7,1367.9,,
242,8122024,2024,Both,03,Warm,02,O,17,2024_Both03_Warm02_O17,629.8,1482.5,,
264,8122024,2024,Cont,03,Warm,02,W,17,2024_Cont03_Warm02_W17,578.9,1269.3,,
269,8122024,2024,Hyp,03,Warm,02,B,17,2024_Hyp03_Warm02_B17,375.2,899.5,,
277,8122024,2024,Warm,03,Warm,02,G,17,2024_Warm03_Warm02_G17,593.7,1463.3,,
292,8122024,2024,Hyp,03,Hyp,02,B,17,2024_Hyp03_Hyp02_B17,725.3,1679.9,,
319,8122024,2024,Both,03,Hyp,02,O,17,2024_Both03_Hyp02_O17,1086.4,2634.6,,
321,8122024,2024,Cont,03,Hyp,02,W,17,2024_Cont03_Hyp02_W17,731.4,1760.8,,
333,8122024,2024,Warm,03,Hyp,02,G,17,2024_Warm03_Hyp02_G17,726,1728.4,,
340,8122024,2024,Both,03,Both,02,O,17,2024_Both03_Both02_O17,415.9,1029.6,,
362,8122024,2024,Hyp,03,Both,02,B,17,2024_Hyp03_Both02_B17,938.6,2430.8,,
370,8122024,2024,Cont,03,Both,02,W,17,2024_Cont03_Both02_W17,901.4,2140.3,,
383,8122024,2024,Warm,03,Both,02,G,17,2024_Warm03_Both02_G17,255,630.7,,
200,8122024,2024,Both,02,Cont,02,O,16,2024_Both02_Cont02_O16,1192.3,2584,,
211,8122024,2024,Warm,02,Cont,02,G,16,2024_Warm02_Cont02_G16,498.8,1349.2,,
225,8122024,2024,Cont,02,Cont,02,W,16,2024_Cont02_Cont02_W16,296.3,710.7,,
228,8122024,2024,Hyp,02,Cont,02,B,16,2024_Hyp02_Cont02_B16,598.2,1420.5,,
244,8122024,2024,Hyp,02,Warm,02,B,16,2024_Hyp02_Warm02_B16,423,996.7,,
251,8122024,2024,Cont,02,Warm,02,W,16,2024_Cont02_Warm02_W16,327,838.2,,
267,8122024,2024,Warm,02,Warm,02,G,16,2024_Warm02_Warm02_G16,271.1,586.4,,
284,8122024,2024,Both,02,Warm,02,O,16,2024_Both02_Warm02_O16,409.4,926,,
289,8122024,2024,Warm,02,Hyp,02,G,16,2024_Warm02_Hyp02_G16,624.8,1477.6,,
305,8122024,2024,Both,02,Hyp,02,O,16,2024_Both02_Hyp02_O16,404.1,1094,,
312,8122024,2024,Cont,02,Hyp,02,W,16,2024_Cont02_Hyp02_W16,528.5,1227.5,,
327,8122024,2024,Hyp,02,Hyp,02,B,16,2024_Hyp02_Hyp02_B16,581.5,1376.9,,
341,8122024,2024,Cont,02,Both,02,W,16,2024_Cont02_Both02_W16,321.8,879.4,,
355,8122024,2024,Warm,02,Both,02,G,16,2024_Warm02_Both02_G16,610.1,1630.8,,
372,8122024,2024,Both,02,Both,02,O,16,2024_Both02_Both02_O16,513.8,1346.3,,
381,8122024,2024,Hyp,02,Both,02,B,16,2024_Hyp02_Both02_B16,858.4,2284.7,,
193,8122024,2024,Warm,02,Cont,02,G,15,2024_Warm02_Cont02_G15,771.7,1807.7,,
202,8122024,2024,Cont,02,Cont,02,W,15,2024_Cont02_Cont02_W15,964,2241.8,,
208,8122024,2024,Both,02,Cont,02,O,15,2024_Both02_Cont02_O15,422.5,966.8,,
223,8122024,2024,Hyp,02,Cont,02,B,15,2024_Hyp02_Cont02_B15,542.9,1293.7,,
243,8122024,2024,Cont,02,Warm,02,W,15,2024_Cont02_Warm02_W15,264.9,608.8,,
252,8122024,2024,Hyp,02,Warm,02,B,15,2024_Hyp02_Warm02_B15,718.8,1641.8,,
255,8122024,2024,Warm,02,Warm,02,G,15,2024_Warm02_Warm02_G15,563,1644.9,,
271,8122024,2024,Both,02,Warm,02,O,15,2024_Both02_Warm02_O15,291.7,634.6,,
295,8122024,2024,Both,02,Hyp,02,O,15,2024_Both02_Hyp02_O15,581.1,1282.8,,9.27.24 SKM fixed 'P15' to be O15 and adjusted Phase 1 info
302,8122024,2024,Warm,02,Hyp,02,G,15,2024_Warm02_Hyp02_G15,584.9,1509.4,,
323,8122024,2024,Cont,02,Hyp,02,W,15,2024_Cont02_Hyp02_W15,647.9,1488.8,,
328,8122024,2024,Hyp,02,Hyp,02,B,15,2024_Hyp02_Hyp02_B15,208.1,518.2,,
342,8122024,2024,Warm,02,Both,02,G,15,2024_Warm02_Both02_G15,596.6,1499.8,,
347,8122024,2024,Cont,02,Both,02,W,15,2024_Cont02_Both02_W15,300.7,771.7,,
366,8122024,2024,Hyp,02,Both,02,B,15,2024_Hyp02_Both02_B15,1011.6,3158.1,,
374,8122024,2024,Both,02,Both,02,O,15,2024_Both02_Both02_O15,458.6,1160.5,,
201,8122024,2024,Hyp,01,Cont,02,B,14,2024_Hyp01_Cont02_B14,580.2,1513.7,,
204,8122024,2024,Cont,01,Cont,02,W,14,2024_Cont01_Cont02_W14,883,2096.1,,
229,8122024,2024,Both,01,Cont,02,O,14,2024_Both01_Cont02_O14,1138.2,3017.5,,
233,8122024,2024,Warm,01,Cont,02,G,14,2024_Warm01_Cont02_G14,743.2,1657.5,,
253,8122024,2024,Warm,01,Warm,02,G,14,2024_Warm01_Warm02_G14,306.4,780.1,,
268,8122024,2024,Cont,01,Warm,02,W,14,2024_Cont01_Warm02_W14,641.9,1549,,
272,8122024,2024,Both,01,Warm,02,O,14,2024_Both01_Warm02_O14,414.7,1000.1,,
278,8122024,2024,Hyp,01,Warm,02,B,14,2024_Hyp01_Warm02_B14,300,802.6,,
298,8122024,2024,Warm,01,Hyp,02,G,14,2024_Warm01_Hyp02_G14,1517,3671.6,,
301,8122024,2024,Cont,01,Hyp,02,W,14,2024_Cont01_Hyp02_W14,687.2,1557.3,,
316,8122024,2024,Both,01,Hyp,02,O,14,2024_Both01_Hyp02_O14,590.9,1332.9,,
325,8122024,2024,Hyp,01,Hyp,02,B,14,2024_Hyp01_Hyp02_B14,528.9,1392.9,,
350,8122024,2024,Hyp,01,Both,02,B,14,2024_Hyp01_Both02_B14,465,1101.7,,
351,8122024,2024,Cont,01,Both,02,W,14,2024_Cont01_Both02_W14,118.6,263.5,,
373,8122024,2024,Both,01,Both,02,O,14,2024_Both01_Both02_O14,415.4,1022.3,,
378,8122024,2024,Warm,01,Both,02,G,14,2024_Warm01_Both02_G14,326.4,731.7,,
195,8122024,2024,Hyp,01,Cont,02,B,13,2024_Hyp01_Cont02_B13,479.2,1041.3,,
222,8122024,2024,Both,01,Cont,02,O,13,2024_Both01_Cont02_O13,722.3,1613.8,,
232,8122024,2024,Cont,01,Cont,02,W,13,2024_Cont01_Cont02_W13,629.9,1575.3,,
240,8122024,2024,Warm,01,Cont,02,G,13,2024_Warm01_Cont02_G13,754.6,1802.6,,
247,8122024,2024,Warm,01,Warm,02,G,13,2024_Warm01_Warm02_G13,681.9,1570.5,,
261,8122024,2024,Hyp,01,Warm,02,B,13,2024_Hyp01_Warm02_B13,281.2,617.9,,
270,8122024,2024,Cont,01,Warm,02,W,13,2024_Cont01_Warm02_W13,512.8,1283.2,,
273,8122024,2024,Both,01,Warm,02,O,13,2024_Both01_Warm02_O13,590,1469.6,,
296,8122024,2024,Cont,01,Hyp,02,W,13,2024_Cont01_Hyp02_W13,690.6,1573.2,,
299,8122024,2024,Hyp,01,Hyp,02,B,13,2024_Hyp01_Hyp02_B13,1095.4,2765.4,,wet when dry weighing
320,8122024,2024,Both,01,Hyp,02,O,13,2024_Both01_Hyp02_O13,390.1,952.3,,
336,8122024,2024,Warm,01,Hyp,02,G,13,2024_Warm01_Hyp02_G13,304.6,788.2,,
343,8122024,2024,Hyp,01,Both,02,B,13,2024_Hyp01_Both02_B13,243.2,612.7,,
363,8122024,2024,Cont,01,Both,02,W,13,2024_Cont01_Both02_W13,467.7,1117.5,,
377,8122024,2024,Warm,01,Both,02,G,13,2024_Warm01_Both02_G13,627.6,1485.1,,
380,8122024,2024,Both,01,Both,02,O,13,2024_Both01_Both02_O13,460.7,1100.5,,
21,8122024,2024,Warm,06,Cont,01,G,12,2024_Warm06_Cont01_G12,380.5,967.1,,
42,8122024,2024,Both,06,Cont,01,O,12,2024_Both06_Cont01_O12,251.4,572.3,,
43,8122024,2024,Hyp,06,Cont,01,B,12,2024_Hyp06_Cont01_B12,458.9,1081.9,,
44,8122024,2024,Cont,06,Cont,01,W,12,2024_Cont06_Cont01_W12,291.5,817.9,,"Was attached to B9, shell tip broke off when separated may not be accurate"
70,8122024,2024,Hyp,06,Hyp,01,B,12,2024_Hyp06_Hyp01_B12,709.1,1666,,
80,8122024,2024,Cont,06,Hyp,01,W,12,2024_Cont06_Hyp01_W12,425.4,1101.2,,
88,8122024,2024,Warm,06,Hyp,01,G,12,2024_Warm06_Hyp01_G12,368.8,917.1,,
92,8122024,2024,Both,06,Hyp,01,O,12,2024_Both06_Hyp01_O12,184.5,466.9,,
126,8122024,2024,Cont,06,Warm,01,W,12,2024_Cont06_Warm01_W12,402.7,1067.2,,
127,8122024,2024,Warm,06,Warm,01,G,12,2024_Warm06_Warm01_G12,537.6,1590.4,,
131,8122024,2024,Both,06,Warm,01,O,12,2024_Both06_Warm01_O12,203.6,550.7,,
141,8122024,2024,Hyp,06,Warm,01,B,12,2024_Hyp06_Warm01_B12,213.9,517.3,,
164,8122024,2024,Cont,06,Both,01,W,12,2024_Cont06_Both01_W12,533.2,1315.7,,
175,8122024,2024,Both,06,Both,01,O,12,2024_Both06_Both01_O12,137.6,357.3,,
190,8122024,2024,Hyp,06,Both,01,B,12,2024_Hyp06_Both01_B12,362,950.2,,
191,8122024,2024,Warm,06,Both,01,G,12,2024_Warm06_Both01_G12,216.4,532,,
25,8122024,2024,Both,06,Cont,01,O,11,2024_Both06_Cont01_O11,479.3,1182,,
32,8122024,2024,Warm,06,Cont,01,G,11,2024_Warm06_Cont01_G11,564.8,1240.9,,
46,8122024,2024,Hyp,06,Cont,01,B,11,2024_Hyp06_Cont01_B11,428.4,1183.2,,
48,8122024,2024,Cont,06,Cont,01,W,11,2024_Cont06_Cont01_W11,789.1,1638.5,,
58,8122024,2024,Warm,06,Hyp,01,G,11,2024_Warm06_Hyp01_G11,402.2,883.2,,
83,8122024,2024,Both,06,Hyp,01,O,11,2024_Both06_Hyp01_O11,716.3,1708.8,,
89,8122024,2024,Cont,06,Hyp,01,W,11,2024_Cont06_Hyp01_W11,600.4,1399.5,,
90,8122024,2024,Hyp,06,Hyp,01,B,11,2024_Hyp06_Hyp01_B11,311.2,722.9,,
121,8122024,2024,Hyp,06,Warm,01,B,11,2024_Hyp06_Warm01_B11,523.9,1430.3,,
122,8122024,2024,Cont,06,Warm,01,W,11,2024_Cont06_Warm01_W11,1472.5,3407.9,,
138,8122024,2024,Warm,06,Warm,01,G,11,2024_Warm06_Warm01_G11,787,1702.6,,
144,8122024,2024,Both,06,Warm,01,O,11,2024_Both06_Warm01_O11,426.6,1047.5,,Extra oyster in this mesocosm-- untagged. We checked mesos before the experiment so was this a double??
172,8122024,2024,Hyp,06,Both,01,B,11,2024_Hyp06_Both01_B11,147.1,361.3,,
185,8122024,2024,Cont,06,Both,01,W,11,2024_Cont06_Both01_W11,291,817,,
186,8122024,2024,Both,06,Both,01,O,11,2024_Both06_Both01_O11,452.3,1194.6,,
187,8122024,2024,Warm,06,Both,01,G,11,2024_Warm06_Both01_G11,545.8,1279.8,,
12,8122024,2024,Cont,05,Cont,01,W,10,2024_Cont05_Cont01_W10,251,597.1,,
18,8122024,2024,Both,05,Cont,01,O,10,2024_Both05_Cont01_O10,688.1,1607.7,,
35,8122024,2024,Hyp,05,Cont,01,B,10,2024_Hyp05_Cont01_B10,350.9,884,,
36,8122024,2024,Warm,05,Cont,01,G,10,2024_Warm05_Cont01_G10,174.7,415.9,,
62,8122024,2024,Warm,05,Hyp,01,G,10,2024_Warm05_Hyp01_G10,503.6,1264.2,,
72,8122024,2024,Both,05,Hyp,01,O,10,2024_Both05_Hyp01_O10,234.3,558.3,,
74,8122024,2024,Cont,05,Hyp,01,W,10,2024_Cont05_Hyp01_W10,232.7,643.2,,
94,8122024,2024,Hyp,05,Hyp,01,B,10,2024_Hyp05_Hyp01_B10,157,389,,
106,8122024,2024,Cont,05,Warm,01,W,10,2024_Cont05_Warm01_W10,805.3,1883.5,,
115,8122024,2024,Hyp,05,Warm,01,B,10,2024_Hyp05_Warm01_B10,246,629.8,,
134,8122024,2024,Warm,05,Warm,01,G,10,2024_Warm05_Warm01_G10,239.8,526.8,,
140,8122024,2024,Both,05,Warm,01,O,10,2024_Both05_Warm01_O10,162.6,386.3,,
157,8122024,2024,Warm,05,Both,01,G,10,2024_Warm05_Both01_G10,307.8,742,,
165,8122024,2024,Hyp,05,Both,01,B,10,2024_Hyp05_Both01_B10,220.5,568.3,,
170,8122024,2024,Both,05,Both,01,O,10,2024_Both05_Both01_O10,195.6,483.6,,
188,8122024,2024,Cont,05,Both,01,W,10,2024_Cont05_Both01_W10,224.8,564.8,,
6,8122024,2024,Both,05,Cont,01,O,9,2024_Both05_Cont01_O9,687.2,1556.2,,
11,8122024,2024,Cont,05,Cont,01,W,9,2024_Cont05_Cont01_W9,348,907.7,,
40,8122024,2024,Warm,05,Cont,01,G,9,2024_Warm05_Cont01_G9,1007.1,2396,,
45,8122024,2024,Hyp,05,Cont,01,B,9,2024_Hyp05_Cont01_B9,171.4,427.3,,
55,8122024,2024,Warm,05,Hyp,01,G,9,2024_Warm05_Hyp01_G9,254.7,671.2,,
60,8122024,2024,Hyp,05,Hyp,01,B,9,2024_Hyp05_Hyp01_B9,774.8,1999.6,,
81,8122024,2024,Cont,05,Hyp,01,W,9,2024_Cont05_Hyp01_W9,247.2,601.5,,
95,8122024,2024,Both,05,Hyp,01,O,9,2024_Both05_Hyp01_O9,214.8,522.8,,
103,8122024,2024,Cont,05,Warm,01,W,9,2024_Cont05_Warm01_W9,629.2,1457.6,,
109,8122024,2024,Warm,05,Warm,01,G,9,2024_Warm05_Warm01_G9,765.5,1846.4,,
125,8122024,2024,Hyp,05,Warm,01,B,9,2024_Hyp05_Warm01_B9,440,1103.6,,
143,8122024,2024,Both,05,Warm,01,O,9,2024_Both05_Warm01_O9,369.4,915.8,,
152,8122024,2024,Hyp,05,Both,01,B,9,2024_Hyp05_Both01_B9,307.1,824.6,,
169,8122024,2024,Cont,05,Both,01,W,9,2024_Cont05_Both01_W9,380.4,974.8,,
179,8122024,2024,Warm,05,Both,01,G,9,2024_Warm05_Both01_G9,451.9,1019.3,,
182,8122024,2024,Both,05,Both,01,O,9,2024_Both05_Both01_O9,509.6,1297.7,,
3,8122024,2024,Both,04,Cont,01,O,8,2024_Both04_Cont01_O8,390.7,927.4,,
16,8122024,2024,Warm,04,Cont,01,G,8,2024_Warm04_Cont01_G8,247.3,588.7,,
23,8122024,2024,Hyp,04,Cont,01,B,8,2024_Hyp04_Cont01_B8,280,612.5,,
33,8122024,2024,Cont,04,Cont,01,W,8,2024_Cont04_Cont01_W8,413.7,990.8,,
49,8122024,2024,Warm,04,Hyp,01,G,8,2024_Warm04_Hyp01_G8,814,1997.2,,
65,8122024,2024,Both,04,Hyp,01,O,8,2024_Both04_Hyp01_O8,449.4,1205.5,,
79,8122024,2024,Hyp,04,Hyp,01,B,8,2024_Hyp04_Hyp01_B8,158.1,415.5,,
87,8122024,2024,Cont,04,Hyp,01,W,8,2024_Cont04_Hyp01_W8,558.6,1341.4,,
98,8122024,2024,Cont,04,Warm,01,W,8,2024_Cont04_Warm01_W8,329.4,854.6,,
113,8122024,2024,Hyp,04,Warm,01,B,8,2024_Hyp04_Warm01_B8,291.3,734.2,,
117,8122024,2024,Both,04,Warm,01,O,8,2024_Both04_Warm01_O8,256.4,583.4,,
129,8122024,2024,Warm,04,Warm,01,G,8,2024_Warm04_Warm01_G8,303,847,,
145,8122024,2024,Hyp,04,Both,01,B,8,2024_Hyp04_Both01_B8,274,635.1,,
160,8122024,2024,Cont,04,Both,01,W,8,2024_Cont04_Both01_W8,241.6,544.6,,
166,8122024,2024,Both,04,Both,01,O,8,2024_Both04_Both01_O8,194.8,488.6,,
183,8122024,2024,Warm,04,Both,01,G,8,2024_Warm04_Both01_G8,358.4,830.8,,
2,8122024,2024,Warm,04,Cont,01,G,7,2024_Warm04_Cont01_G7,629.8,1446.1,,
13,8122024,2024,Both,04,Cont,01,O,7,2024_Both04_Cont01_O7,261.3,678.7,,
28,8122024,2024,Cont,04,Cont,01,W,7,2024_Cont04_Cont01_W7,544.9,1264.4,,
30,8122024,2024,Hyp,04,Cont,01,B,7,2024_Hyp04_Cont01_B7,287.9,803.3,,
51,8122024,2024,Both,04,Hyp,01,O,7,2024_Both04_Hyp01_O7,599.1,1325,,
67,8122024,2024,Cont,04,Hyp,01,W,7,2024_Cont04_Hyp01_W7,207.1,490.7,,
68,8122024,2024,Warm,04,Hyp,01,G,7,2024_Warm04_Hyp01_G7,379.1,925.9,,
91,8122024,2024,Hyp,04,Hyp,01,B,7,2024_Hyp04_Hyp01_B7,430.3,1040.1,,
99,8122024,2024,Hyp,04,Warm,01,B,7,2024_Hyp04_Warm01_B7,353.3,838.9,,
114,8122024,2024,Cont,04,Warm,01,W,7,2024_Cont04_Warm01_W7,416,971.6,,
116,8122024,2024,Warm,04,Warm,01,G,7,2024_Warm04_Warm01_G7,445.6,928.9,,
139,8122024,2024,Both,04,Warm,01,O,7,2024_Both04_Warm01_O7,238,594.1,,
150,8122024,2024,Cont,04,Both,01,W,7,2024_Cont04_Both01_W7,243.4,582.3,,
154,8122024,2024,Warm,04,Both,01,G,7,2024_Warm04_Both01_G7,460,1083.2,,
161,8122024,2024,Hyp,04,Both,01,B,7,2024_Hyp04_Both01_B7,279.9,627.7,,
171,8122024,2024,Both,04,Both,01,O,7,2024_Both04_Both01_O7,244.4,559.6,,
4,8122024,2024,Hyp,03,Cont,01,B,6,2024_Hyp03_Cont01_B6,127.6,351,,
15,8122024,2024,Warm,03,Cont,01,G,6,2024_Warm03_Cont01_G6,293.7,761.1,,
26,8122024,2024,Cont,03,Cont,01,W,6,2024_Cont03_Cont01_W6,158.4,353.9,,
37,8122024,2024,Both,03,Cont,01,O,6,2024_Both03_Cont01_O6,199.8,533.5,,
54,8122024,2024,Cont,03,Hyp,01,W,6,2024_Cont03_Hyp01_W6,318.1,852.2,,
73,8122024,2024,Hyp,03,Hyp,01,B,6,2024_Hyp03_Hyp01_B6,763,1948.3,,
84,8122024,2024,Both,03,Hyp,01,O,6,2024_Both03_Hyp01_O6,436.5,1134.6,,
85,8122024,2024,Warm,03,Hyp,01,G,6,2024_Warm03_Hyp01_G6,541.9,1468.4,,
104,8122024,2024,Both,03,Warm,01,O,6,2024_Both03_Warm01_O6,429,953.1,,
111,8122024,2024,Hyp,03,Warm,01,B,6,2024_Hyp03_Warm01_B6,255.3,589.2,,
123,8122024,2024,Warm,03,Warm,01,G,6,2024_Warm03_Warm01_G6,487.3,1189.3,,
133,8122024,2024,Cont,03,Warm,01,W,6,2024_Cont03_Warm01_W6,427.3,1039.5,,
151,8122024,2024,Warm,03,Both,01,G,6,2024_Warm03_Both01_G6,170.9,411.9,,
163,8122024,2024,Hyp,03,Both,01,B,6,2024_Hyp03_Both01_B6,192.6,517.2,,
173,8122024,2024,Both,03,Both,01,O,6,2024_Both03_Both01_O6,579,1460.9,,
177,8122024,2024,Cont,03,Both,01,W,6,2024_Cont03_Both01_W6,351.2,870.5,,
20,8122024,2024,Hyp,03,Cont,01,B,5,2024_Hyp03_Cont01_B5,633.3,1524.8,,
24,8122024,2024,Both,03,Cont,01,O,5,2024_Both03_Cont01_O5,113.3,312.4,,
31,8122024,2024,Warm,03,Cont,01,G,5,2024_Warm03_Cont01_G5,330.3,791.7,,
34,8122024,2024,Cont,03,Cont,01,W,5,2024_Cont03_Cont01_W5,548.8,1133.5,,
71,8122024,2024,Cont,03,Hyp,01,W,5,2024_Cont03_Hyp01_W5,211.2,485.2,,
78,8122024,2024,Both,03,Hyp,01,O,5,2024_Both03_Hyp01_O5,569.7,1480.4,,
86,8122024,2024,Hyp,03,Hyp,01,B,5,2024_Hyp03_Hyp01_B5,246.2,583.6,,
96,8122024,2024,Warm,03,Hyp,01,G,5,2024_Warm03_Hyp01_G5,202.8,600.7,,
120,8122024,2024,Both,03,Warm,01,O,5,2024_Both03_Warm01_O5,585.9,1384.9,,
124,8122024,2024,Hyp,03,Warm,01,B,5,2024_Hyp03_Warm01_B5,348.5,960.5,,
136,8122024,2024,Cont,03,Warm,01,W,5,2024_Cont03_Warm01_W5,555.1,1278.7,,
142,8122024,2024,Warm,03,Warm,01,G,5,2024_Warm03_Warm01_G5,336.5,960.1,,
153,8122024,2024,Warm,03,Both,01,G,5,2024_Warm03_Both01_G5,221.4,521.1,,
159,8122024,2024,Both,03,Both,01,O,5,2024_Both03_Both01_O5,173.5,427.9,,
174,8122024,2024,Hyp,03,Both,01,B,5,2024_Hyp03_Both01_B5,439.6,1082.5,,
189,8122024,2024,Cont,03,Both,01,W,5,2024_Cont03_Both01_W5,574.3,1302.2,,
7,8122024,2024,Hyp,02,Cont,01,B,4,2024_Hyp02_Cont01_B4,301.1,720.3,,
14,8122024,2024,Cont,02,Cont,01,W,4,2024_Cont02_Cont01_W4,339.5,749.3,,
27,8122024,2024,Both,02,Cont,01,O,4,2024_Both02_Cont01_O4,211.3,495.2,,
29,8122024,2024,Warm,02,Cont,01,G,4,2024_Warm02_Cont01_G4,217.3,1263.6,,
53,8122024,2024,Cont,02,Hyp,01,W,4,2024_Cont02_Hyp01_W4,421.3,997.9,,
61,8122024,2024,Hyp,02,Hyp,01,B,4,2024_Hyp02_Hyp01_B4,527.7,1250.7,,
66,8122024,2024,Warm,02,Hyp,01,G,4,2024_Warm02_Hyp01_G4,450.4,1033.3,,
93,8122024,2024,Both,02,Hyp,01,O,4,2024_Both02_Hyp01_O4,535.4,1337.5,,
100,8122024,2024,Both,02,Warm,01,O,4,2024_Both02_Warm01_O4,355.7,958.6,,
105,8122024,2024,Warm,02,Warm,01,G,4,2024_Warm02_Warm01_G4,417.6,1084.6,,
130,8122024,2024,Cont,02,Warm,01,W,4,2024_Cont02_Warm01_W4,287.1,674.7,,
132,8122024,2024,Hyp,02,Warm,01,B,4,2024_Hyp02_Warm01_B4,238.9,619.2,,
147,8122024,2024,Warm,02,Both,01,G,4,2024_Warm02_Both01_G4,155.6,385.4,,
167,8122024,2024,Both,02,Both,01,O,4,2024_Both02_Both01_O4,292.4,734.3,,
178,8122024,2024,Hyp,02,Both,01,B,4,2024_Hyp02_Both01_B4,271,691.8,,
180,8122024,2024,Cont,02,Both,01,W,4,2024_Cont02_Both01_W4,255.5,613.2,,
8,8122024,2024,Cont,02,Cont,01,W,3,2024_Cont02_Cont01_W3,634.4,1632.6,,
10,8122024,2024,Hyp,02,Cont,01,B,3,2024_Hyp02_Cont01_B3,476.7,1107.4,,
38,8122024,2024,Both,02,Cont,01,O,3,2024_Both02_Cont01_O3,61.4,229.8,,
47,8122024,2024,Warm,02,Cont,01,G,3,2024_Warm02_Cont01_G3,616.9,1488.6,,
52,8122024,2024,Hyp,02,Hyp,01,B,3,2024_Hyp02_Hyp01_B3,624.8,1489.7,,
57,8122024,2024,Cont,02,Hyp,01,W,3,2024_Cont02_Hyp01_W3,451.7,1065.9,,
63,8122024,2024,Both,02,Hyp,01,O,3,2024_Both02_Hyp01_O3,242.3,550,,
75,8122024,2024,Warm,02,Hyp,01,G,3,2024_Warm02_Hyp01_G3,383.4,958.6,,
101,8122024,2024,Warm,02,Warm,01,G,3,2024_Warm02_Warm01_G3,416.1,939.5,,
107,8122024,2024,Both,02,Warm,01,O,3,2024_Both02_Warm01_O3,221,523.8,,
118,8122024,2024,Cont,02,Warm,01,W,3,2024_Cont02_Warm01_W3,240.5,542.3,,
135,8122024,2024,Hyp,02,Warm,01,B,3,2024_Hyp02_Warm01_B3,260.1,629.8,,
148,8122024,2024,Both,02,Both,01,O,3,2024_Both02_Both01_O3,140.1,322.1,,
155,8122024,2024,Warm,02,Both,01,G,3,2024_Warm02_Both01_G3,644.7,1599.2,,
158,8122024,2024,Hyp,02,Both,01,B,3,2024_Hyp02_Both01_B3,187.8,465.7,,
162,8122024,2024,Cont,02,Both,01,W,3,2024_Cont02_Both01_W3,414.1,1204.3,,
5,8122024,2024,Warm,01,Cont,01,G,2,2024_Warm01_Cont01_G2,379.2,924.3,,
17,8122024,2024,Hyp,01,Cont,01,B,2,2024_Hyp01_Cont01_B2,259.5,617.7,,
22,8122024,2024,Cont,01,Cont,01,W,2,2024_Cont01_Cont01_W2,211.7,476.8,,
41,8122024,2024,Both,01,Cont,01,O,2,2024_Both01_Cont01_O2,284.9,676.6,,
56,8122024,2024,Both,01,Hyp,01,O,2,2024_Both01_Hyp01_O2,214.5,532.7,,
69,8122024,2024,Hyp,01,Hyp,01,B,2,2024_Hyp01_Hyp01_B2,326.1,719.4,,
77,8122024,2024,Warm,01,Hyp,01,G,2,2024_Warm01_Hyp01_G2,255.8,696.2,,
82,8122024,2024,Cont,01,Hyp,01,W,2,2024_Cont01_Hyp01_W2,701.4,1550.7,,
102,8122024,2024,Hyp,01,Warm,01,B,2,2024_Hyp01_Warm01_B2,198.2,443.3,,
112,8122024,2024,Both,01,Warm,01,O,2,2024_Both01_Warm01_O2,165.5,457.8,,
119,8122024,2024,Warm,01,Warm,01,G,2,2024_Warm01_Warm01_G2,167.7,400.2,,
137,8122024,2024,Cont,01,Warm,01,W,2,2024_Cont01_Warm01_W2,631.7,1518.3,,
149,8122024,2024,Cont,01,Both,01,W,2,2024_Cont01_Both01_W2,612.4,1683.4,,
156,8122024,2024,Both,01,Both,01,O,2,2024_Both01_Both01_O2,388.8,907.1,,
176,8122024,2024,Warm,01,Both,01,G,2,2024_Warm01_Both01_G2,354.1,785.3,,
181,8122024,2024,Hyp,01,Both,01,B,2,2024_Hyp01_Both01_B2,201.8,527.6,,
1,8122024,2024,Cont,01,Cont,01,W,1,2024_Cont01_Cont01_W1,348.8,831.2,,
9,8122024,2024,Warm,01,Cont,01,G,1,2024_Warm01_Cont01_G1,720.5,1620,,
19,8122024,2024,Both,01,Cont,01,O,1,2024_Both01_Cont01_O1,660.1,1694,,
39,8122024,2024,Hyp,01,Cont,01,B,1,2024_Hyp01_Cont01_B1,575.6,1218.6,,
50,8122024,2024,Hyp,01,Hyp,01,B,1,2024_Hyp01_Hyp01_B1,397.4,1029.6,,
59,8122024,2024,Cont,01,Hyp,01,W,1,2024_Cont01_Hyp01_W1,712.7,1597,,
64,8122024,2024,Both,01,Hyp,01,O,1,2024_Both01_Hyp01_O1,624.3,1323.6,,
76,8122024,2024,Warm,01,Hyp,01,G,1,2024_Warm01_Hyp01_G1,567.5,1280.6,,
97,8122024,2024,Warm,01,Warm,01,G,1,2024_Warm01_Warm01_G1,526,1366.5,,
108,8122024,2024,Hyp,01,Warm,01,B,1,2024_Hyp01_Warm01_B1,326.9,914.8,,
110,8122024,2024,Cont,01,Warm,01,W,1,2024_Cont01_Warm01_W1,424.8,942.9,,
128,8122024,2024,Both,01,Warm,01,O,1,2024_Both01_Warm01_O1,119.4,363.2,,
146,8122024,2024,Both,01,Both,01,O,1,2024_Both01_Both01_O1,343.5,961.3,,
168,8122024,2024,Cont,01,Both,01,W,1,2024_Cont01_Both01_W1,204.8,468.3,,
184,8122024,2024,Warm,01,Both,01,G,1,2024_Warm01_Both01_G1,574.4,1327,,
192,8122024,2024,Hyp,01,Both,01,B,1,2024_Hyp01_Both01_B1,281.6,650.3,,Extra untagged oyster-- we checked before. Was this a double?