Sample_Name_Nutrients,Phase_2_treat,Phase_2_rep,Phase_2_rep_R,Tissue_type,Tag,Tag_color,Tag_num,Linear corr d15N,wt_percent_n,N_Notes,Linear corr d13C,wt_percent_c,C_Notes,N_Exclude,
Cont01 B12 T,Cont,01,Cont01,T,B12,B,12,12.8,8,,-23,40.2,,,
Cont02 G23 T,Cont,02,Cont02,T,G23,G,23,13.3,7.7,,-24.3,47.7,,,
Cont02 W22 T,Cont,02,Cont02,T,W22,W,22,13.3,8.7,,-23,42.5,,,
Cont02 O22 T,Cont,02,Cont02,T,O22,O,22,12.7,7.4,,-23.2,42.5,,,
Cont02 O18 T,Cont,02,Cont02,T,O18,O,18,12.5,5.3,small peak - error on δ15N will be higher,-23.4,33.2,,,
Cont02 G13 T,Cont,02,Cont02,T,G13,G,13,13.2,5.3,small peak - error on δ15N will be higher,-23.1,36.1,,,
Cont02 G17 T,Cont,02,Cont02,T,G17,G,17,12.6,5.9,small peak - error on δ15N will be higher,-23.2,36.3,,,
Cont02 W23 T,Cont,02,Cont02,T,W23,W,23,13,6.5,,-24,45,,,
Cont02 B19 T,Cont,02,Cont02,T,B19,B,19,13,4.5,small peak - error on δ15N will be higher,-24.8,47.1,,,
Cont02 B15 T,Cont,02,Cont02,T,B15,B,15,13.2,8.2,,-23.5,39.9,,,
Cont03 B29 T,Cont,03,Cont03,T,B29,B,29,13,7.3,,-24.3,48.9,,,
Cont03 W31 T,Cont,03,Cont03,T,W31,W,31,13,7.4,,-23.7,41.9,,,
Cont03 W28 T,Cont,03,Cont03,T,W28,W,28,13.7,7.4,,-24,48.6,,,
Cont03 W29 T,Cont,03,Cont03,T,W29,W,29,13.3,5.3,small peak - error on δ15N will be higher,-25.1,57.4,,,
Cont03 G27 T,Cont,03,Cont03,T,G27,G,27,12.9,7.8,,-23.8,43.5,,,
Cont03 G34 T,Cont,03,Cont03,T,G34,G,34,13,9.1,,-22.9,39.2,,,
Cont03 O36 T,Cont,03,Cont03,T,O36,O,36,12.7,7.7,,-23.8,46,,,
Cont03 O34 T,Cont,03,Cont03,T,O34,O,34,11.8,6.2,small peak - error on δ15N will be higher,-24.9,50.4,,,
Cont03 B34 T,Cont,03,Cont03,T,B34,B,34,12.5,7.7,,-22.7,37.9,,,
Cont03 B25 T,Cont,03,Cont03,T,B25,B,25,13.3,6.5,small peak - error on δ15N will be higher,-24.4,46.8,,,
Cont03 G26 T,Cont,03,Cont03,T,G26,G,26,12.9,6.7,,-23.8,43.1,,,
Cont04 W39 T,Cont,04,Cont04,T,W39,W,39,12.7,5.4,small peak - error on δ15N will be higher,-24.9,52,,,
Cont04 O42 T,Cont,04,Cont04,T,O42,O,42,12.3,6.9,small peak - error on δ15N will be higher,-24.1,45.9,,,
Cont04 O44 T,Cont,04,Cont04,T,O44,O,44,12.4,6.2,small peak - error on δ15N will be higher,-25.5,41.6,,,
Cont04 G39 T,Cont,04,Cont04,T,G39,G,39,13.7,7.6,,-23.5,42.3,,,
Cont04 B43 T,Cont,04,Cont04,T,B43,B,43,13.2,7.2,,-24.1,45.4,,,
Cont04 G43 T,Cont,04,Cont04,T,G43,G,43,12.5,6.4,small peak - error on δ15N will be higher,-23.8,38.9,,,
Cont04 B39 T,Cont,04,Cont04,T,B39,B,39,13.2,5.9,small peak - error on δ15N will be higher,-24.9,51.9,,,
Cont04  W47 T,Cont,04,Cont04,T,W47,W,47,12.3,6.8,small peak - error on δ15N will be higher,-23.9,43.4,,,
Cont05 W56 T,Cont,05,Cont05,T,W56,W,56,13.2,7.6,,-23.8,40.6,,,
Cont05 G59 T,Cont,05,Cont05,T,G59,G,59,13,7.6,,-23.5,40.1,,,
Cont05 O60 T,Cont,05,Cont05,T,O60,O,60,12.9,6.4,small peak - error on δ15N will be higher,-24.3,42.6,,,
Cont05 G53 T,Cont,05,Cont05,T,G53,G,53,12.4,7.1,small peak - error on δ15N will be higher,-24.2,41,,,
Cont05 W49 T,Cont,05,Cont05,T,W49,W,49,13.3,8.7,,-23.4,41.2,,,
Cont05 B51 T,Cont,05,Cont05,T,B51,B,51,13.2,7,,-23.9,40,,,
Cont05 O52 T,Cont,05,Cont05,T,O52,O,52,12.6,6.3,small peak - error on δ15N will be higher,-24.4,47.2,,,
Cont05 W58 T,Cont,05,Cont05,T,W58,W,58,14,8.2,,-23.9,47.6,,,
Cont05 B49 T,Cont,05,Cont05,T,B49,B,49,13.7,7.6,,-24.4,44.2,,,
Cont06 W61 T,Cont,06,Cont06,T,W61,W,61,12.9,8,,-22.2,37.8,,,
Cont06 W65 T,Cont,06,Cont06,T,W65,W,65,13.5,8.3,,-22.3,37.8,,,
Cont06 B69 T,Cont,06,Cont06,T,B69,B,69,13.2,7.8,,-21.9,38,,,
Cont06 G65 T,Cont,06,Cont06,T,G65,G,65,13,8.8,,-23.1,43.1,,,
Cont06 O61 T,Cont,06,Cont06,T,O61,O,61,13.3,5.8,small peak - error on δ15N will be higher,-20.1,30.5,,,
Cont06 G70 T,Cont,06,Cont06,T,G70,G,70,13.3,6.5,small peak - error on δ15N will be higher,-24.7,48.3,,,
Cont06 B71 T,Cont,06,Cont06,T,B71,B,71,13.3,6.8,small peak - error on δ15N will be higher,-24,50.6,,,
Cont06 O68 T,Cont,06,Cont06,T,O68,O,68,13.4,8,,-23.3,42.8,,,
Cont06 O62 T,Cont,06,Cont06,T,O62,O,62,13.6,8.4,,-22.3,39,,,
Cont06 O64 T,Cont,06,Cont06,T,O64,O,64,12.2,5.3,small peak - error on δ15N will be higher,-23.6,44.6,,,
Warm01 B11 T,Warm,01,Warm01,T,B11,B,11,13.5,7.4,,-23.8,41.8,,,
Warm01 G5 T,Warm,01,Warm01,T,G5,G,5,12.9,8.2,,-23.7,41.1,,,
Warm01 W4 T,Warm,01,Warm01,T,W4,W,4,13,9.4,,-23.2,43.9,,,
Warm01 B3 T,Warm,01,Warm01,T,B3,B,3,12.7,5.8,small peak - error on δ15N will be higher,-23.1,39,,,
Warm01 G11 T,Warm,01,Warm01,T,G11,G,11,12.9,7.7,,-23.5,41,,,
Warm01 O11 T,Warm,01,Warm01,T,O11,O,11,12.8,7.2,,-23.7,44.2,,,
Warm01 W11 T,Warm,01,Warm01,T,W11,W,11,12.6,7.6,,-23,37.3,,,
Warm02 W19 T,Warm,02,Warm02,T,W19,W,19,13.4,10,,-23,42,,,
Warm02 W23 T,Warm,02,Warm02,T,W23,W,23,12.8,9.5,,-22.6,39.7,,,
Warm02 O13 T,Warm,02,Warm02,T,O13,O,13,13.3,8.9,,-23.6,49.6,,,
Warm02 G17 T,Warm,02,Warm02,T,G17,G,17,13,7.6,,-23.8,45.1,,,
Warm02 O15 T,Warm,02,Warm02,T,O15,O,15,11.9,6.2,small peak - error on δ15N will be higher,-25.1,57.5,,,
Warm02 B17 T,Warm,02,Warm02,T,B17,B,17,NA,NA,no N peak,-25.7,5.3,small peak - error on δ13C will be higher,Y,Y
Warm02 B18 T,Warm,02,Warm02,T,B18,B,18,13.2,7.7,,-23.7,45.8,,,
Warm03 G27 T,Warm,03,Warm03,T,G27,G,27,12.5,5.9,small peak - error on δ15N will be higher,-24.9,50.1,,,
Warm03 B27 T,Warm,03,Warm03,T,B27,B,27,12.8,7.2,,-23.9,41.5,,,
Warm03 O30 T,Warm,03,Warm03,T,O30,O,30,12.5,6.7,small peak - error on δ15N will be higher,-23.2,37.9,,,
Warm03 B31 T,Warm,03,Warm03,T,B31,B,31,12.9,7.6,,-23.4,41.6,,,
Warm03 W26 T,Warm,03,Warm03,T,W26,W,26,12.5,4.9,small peak - error on δ15N will be higher,-24.8,52.4,,,
Warm03 G34 T,Warm,03,Warm03,T,G34,G,34,12.5,5.2,small peak - error on δ15N will be higher,-24.9,54.5,,,
Warm03 O32 T,Warm,03,Warm03,T,O32,O,32,13.1,7.9,,-24.5,51.1,,,
Warm04 G40 T,Warm,04,Warm04,T,G40,G,40,13,8.6,,-22.7,37.8,,,
Warm04 O43 T,Warm,04,Warm04,T,O43,O,43,12.5,8,,-23.5,45.9,,,
Warm04 B41 T,Warm,04,Warm04,T,B41,B,41,12.9,7.5,,-23.8,43,,,
Warm04 G37 T,Warm,04,Warm04,T,G37,G,37,13.6,7.1,small peak - error on δ15N will be higher,-23.9,45,,,
Warm04 B43 T,Warm,04,Warm04,T,B43,B,43,13,7.5,,-23.7,43.5,,,
Warm04 W39 T,Warm,04,Warm04,T,W39,W,39,12.8,7.8,,-23.8,43.2,,,
Warm04 O47 T,Warm,04,Warm04,T,O47,O,47,13.2,7.3,,-24.1,45.9,,,
Warm04 W37 T,Warm,04,Warm04,T,W37,W,37,13,8.6,,-23.3,42.7,,,
Warm05 O57 T,Warm,05,Warm05,T,O57,O,57,12.6,8.6,,-23,37.8,,,
Warm05 B60 T,Warm,05,Warm05,T,B60,B,60,12.8,8.1,,-23.9,44.4,,,
Warm05 O53 T,Warm,05,Warm05,T,O53,O,53,13.2,7.5,,-24.2,51.9,,,
Warm05 W49 T,Warm,05,Warm05,T,W49,W,49,12.7,7.5,,-23.5,40.2,,,
Warm05 W59 T,Warm,05,Warm05,T,W59,W,59,13,7.9,,-23.4,42.8,,,
Warm05 B58 T,Warm,05,Warm05,T,B58,B,58,13.1,3.7,small peak - error on δ15N will be higher,-25.7,67,,,
Warm05 G59 T,Warm,05,Warm05,T,G59,G,59,13.3,8.7,,-23.8,47.5,,,
Warm05 G57 T,Warm,05,Warm05,T,G57,G,57,12.4,8.3,,-23,37.2,,,
Warm06 O61 T,Warm,06,Warm06,T,O61,O,61,13.7,7,,-24.5,56.3,,,
Warm06 O64 T,Warm,06,Warm06,T,O64,O,64,13.3,8,,-23.9,49.3,,,
Warm06 B70 T,Warm,06,Warm06,T,B70,B,70,13.2,6.8,,-23.5,46,,,
Warm06 B62 T,Warm,06,Warm06,T,B62,B,62,13.3,8.8,,-22.2,38.1,,,
Warm06 G65 T,Warm,06,Warm06,T,G65,G,65,13.2,8.8,,-21.9,38.9,,,
Warm06 G67 T,Warm,06,Warm06,T,G67,G,67,12.8,6.3,small peak - error on δ15N will be higher,-21.9,38.5,,,
Warm06 W65 T,Warm,06,Warm06,T,W65,W,65,12.6,6.4,small peak - error on δ15N will be higher,-23.3,43.1,,,
Warm06 W69 T,Warm,06,Warm06,T,W69,W,69,13.2,7.6,,-23.3,45.3,,,
Hyp01 G1 T,Hyp,01,Hyp01,T,G1,G,1,13.3,7.8,,-24,43.5,,,
Hyp01 W8 T,Hyp,01,Hyp01,T,W8,W,8,13,8.3,,-24,50.1,,,
Hyp01 O5 T,Hyp,01,Hyp01,T,O5,O,5,12.4,7.6,,-22.9,39.8,,,
Hyp01 W9 T,Hyp,01,Hyp01,T,W9,W,9,12.1,5.9,small peak - error on δ15N will be higher,-24.2,47.7,,,
Hyp01 B5 T,Hyp,01,Hyp01,T,B5,B,5,13,6.8,,-24.4,47.5,,,
Hyp01 O12 T,Hyp,01,Hyp01,T,O12,O,12,12.9,6.6,,-25,57,,,
Hyp01 B8 T,Hyp,01,Hyp01,T,B8,B,8,12.2,5.3,small peak - error on δ15N will be higher,-25.2,52.9,,,
Hyp01 G5 T,Hyp,01,Hyp01,T,G5,G,5,12.7,5.3,small peak - error on δ15N will be higher,-24.9,51.8,,,
Hyp02 W17 T,Hyp,02,Hyp02,T,W17,W,17,12.3,8,,-23.5,44,,,
Hyp02 B14 T,Hyp,02,Hyp02,T,B14,B,14,12.8,8.8,,-24,49.3,,,
Hyp02 G19 T,Hyp,02,Hyp02,T,G19,G,19,12.7,7.6,,-23,39.6,,,
Hyp02 G21 T,Hyp,02,Hyp02,T,G21,G,21,12.6,9.2,,-23.2,42.8,,,
Hyp02 O19 T,Hyp,02,Hyp02,T,O19,O,19,13,3.9,small peak - error on δ15N will be higher,-25.8,64.5,,,
Hyp02 B23 T,Hyp,02,Hyp02,T,B23,B,23,13,7.7,,-23.8,40.3,,,
Hyp02 O13 T,Hyp,02,Hyp02,T,O13,O,13,12.7,8.2,,-23.9,46,,,
Hyp02 W19 T,Hyp,02,Hyp02,T,W19,W,19,12.7,5.1,small peak - error on δ15N will be higher,-25.7,59.2,,,
Hyp03 G35 T,Hyp,03,Hyp03,T,G35,G,35,12.7,5.8,small peak - error on δ15N will be higher,-26.3,54.5,,,
Hyp03 W27 T,Hyp,03,Hyp03,T,W27,W,27,13.2,9.2,,-23.7,45.3,,,
Hyp03 O28 T,Hyp,03,Hyp03,T,O28,O,28,12.6,7.9,,-24.2,43.9,,,
Hyp03 O25 T,Hyp,03,Hyp03,T,O25,O,25,12.7,5,small peak - error on δ15N will be higher,-26.6,59.7,,,
Hyp03 B29 T,Hyp,03,Hyp03,T,B29,B,29,12.3,6.6,small peak - error on δ15N will be higher,-23.1,40.7,,,
Hyp03 B25 T,Hyp,03,Hyp03,T,B25,B,25,13.6,6.5,,-26.1,57.2,,,
Hyp03 W25 T,Hyp,03,Hyp03,T,W25,W,25,12.6,9.4,,-23.1,40.4,,,
Hyp03 G27 T,Hyp,03,Hyp03,T,G27,G,27,12.6,7.8,,-23.4,41.4,,,
Hyp04 G47 T,Hyp,04,Hyp04,T,G47,G,47,12.2,5.4,small peak - error on δ15N will be higher,-26.3,57.4,,,
Hyp04 W41 T,Hyp,04,Hyp04,T,W41,W,41,12.3,4.5,small peak - error on δ15N will be higher,-27.2,68,,,
Hyp04 W43 T,Hyp,04,Hyp04,T,W43,W,43,12.2,6,small peak - error on δ15N will be higher,-25.5,50.4,,,
Hyp04 O43 T,Hyp,04,Hyp04,T,O43,O,43,12.2,3.8,small peak - error on δ15N will be higher,-27,70.7,,,
Hyp04 B45 T,Hyp,04,Hyp04,T,B45,B,45,12.5,8.3,,-24.2,48.9,,,
Hyp04 G39 T,Hyp,04,Hyp04,T,G39,G,39,14.5,3.9,small peak - error on δ15N will be higher,-27.1,67.9,,,
Hyp04 O47 T,Hyp,04,Hyp04,T,O47,O,47,13,3,small peak - error on δ15N will be higher,-27.8,72.4,,,
Hyp04 B39 T,Hyp,04,Hyp04,T,B39,B,39,12.3,6.5,,-24.8,47.3,,,
Hyp05 O57 T,Hyp,05,Hyp05,T,O57,O,57,12.1,7.5,,-20.5,36.2,,,
Hyp05 O53 T,Hyp,05,Hyp05,T,O53,O,53,12.6,9,,-21.3,39.2,,,
Hyp05 B55 T,Hyp,05,Hyp05,T,B55,B,55,12.9,10.5,,-21.8,43.8,,,
Hyp05 W51 T,Hyp,05,Hyp05,T,W51,W,51,12.3,8,,-21.1,37.8,,,
Hyp05 B57 T,Hyp,05,Hyp05,T,B57,B,57,12.7,9.4,,-21.9,42.2,,,
Hyp05 G54 T,Hyp,05,Hyp05,T,G54,G,54,13,7.5,,-24.4,52.6,,,
Hyp05 G58 T,Hyp,05,Hyp05,T,G58,G,58,12,5.9,small peak - error on δ15N will be higher,-22.5,39.3,,,
Hyp05 W49 T,Hyp,05,Hyp05,T,W49,W,49,12.6,8.2,,-23.1,45.2,,,
Hyp06 W71 T,Hyp,06,Hyp06,T,W71,W,71,12.9,6.8,small peak - error on δ15N will be higher,-24.9,49.3,,,
Hyp06 B62 T,Hyp,06,Hyp06,T,B62,B,62,13.5,9.4,,-23.2,43,,,
Hyp06 G67 T,Hyp,06,Hyp06,T,G67,G,67,12.9,2.8,small peak - error on δ15N will be higher,-27.4,72.9,,,
Hyp06 O65 T,Hyp,06,Hyp06,T,O65,O,65,12.5,6,small peak - error on δ15N will be higher,-24.9,51.2,,,
Hyp06 O63 T,Hyp,06,Hyp06,T,O63,O,63,12.4,7.4,,-24.7,50.1,,,
Hyp06 B72 T,Hyp,06,Hyp06,T,B72,B,72,13.1,3.4,small peak - error on δ15N will be higher,-27.4,87.5,,,
Hyp06 W69 T,Hyp,06,Hyp06,T,W69,W,69,12.2,8,,-23.9,45.4,,,
Hyp06 G70 T,Hyp,06,Hyp06,T,G70,G,70,12.7,7.5,,-23.7,44.4,,,
Both01 B11 T,Both,01,Both01,T,B11,B,11,12.3,4.7,small peak - error on δ15N will be higher,-26.1,57.3,,,
Both01 G12 T,Both,01,Both01,T,G12,G,12,11.9,5.4,small peak - error on δ15N will be higher,-25.9,59.2,,,
Both01 W9 T,Both,01,Both01,T,W9,W,9,12.4,6.6,small peak - error on δ15N will be higher,-25.3,52.9,,,
Both01 W5 T,Both,01,Both01,T,W5,W,5,11.6,6.7,,-23.6,39.1,,,
Both01 B1 T,Both,01,Both01,T,B1,B,1,12.8,5.9,,-25.7,59.4,,,
Both01 G2 T,Both,01,Both01,T,G2,G,2,13.5,6.6,,-25.3,56.6,,,
Both01 O9 T,Both,01,Both01,T,O9,O,9,12.5,7,small peak - error on δ15N will be higher,-25.3,54.6,,,
Both01 O11 T,Both,01,Both01,T,O11,O,11,12.5,8,,-23.4,42,,,
Both02 O15 T,Both,02,Both02,T,O15,O,15,12.7,8.3,,-24.4,49.6,,,
Both02 W13 T,Both,02,Both02,T,W13,W,13,12.7,9.3,,-23.9,47.3,,,
Both02 W20 T,Both,02,Both02,T,W20,W,20,12.8,4.1,small peak - error on δ15N will be higher,-27.1,69.1,,,
Both02 G19 T,Both,02,Both02,T,G19,G,19,12.8,7,,-25.6,55.9,,,
Both02 B17 T,Both,02,Both02,T,B17,B,17,12.2,6.7,,-23.7,36.9,,,
Both02 B15 T,Both,02,Both02,T,B15,B,15,12.6,8,,-23.8,44,,,
Both02 G13 T,Both,02,Both02,T,G13,G,13,12.9,6.9,small peak - error on δ15N will be higher,-25.8,54.2,,,
Both03 W27 T,Both,03,Both03,T,W27,W,27,12.3,6.4,small peak - error on δ15N will be higher,-25.2,51,,,
Both03 O29 T,Both,03,Both03,T,O29,O,29,11.9,5.5,small peak - error on δ15N will be higher,-25.5,45,,,
Both03 B27 T,Both,03,Both03,T,B27,B,27,13.2,6.3,small peak - error on δ15N will be higher,-25.6,50.5,,,
Both03 O33 T,Both,03,Both03,T,O33,O,33,13.5,3.2,small peak - error on δ15N will be higher,-27.8,72.5,,,
Both03 B31 T,Both,03,Both03,T,B31,B,31,12.6,6.3,small peak - error on δ15N will be higher,-26.3,60.1,,,
Both03 G31 T,Both,03,Both03,T,G31,G,31,12.4,6.5,small peak - error on δ15N will be higher,-24.2,44.7,,,
Both03 G33 T,Both,03,Both03,T,G33,G,33,12.2,5.3,small peak - error on δ15N will be higher,-26.1,47.9,,,
Both03 W35 T,Both,03,Both03,T,W35,W,35,12.4,6.4,small peak - error on δ15N will be higher,-25.6,46.2,,,
Both04 B37 T,Both,04,Both04,T,B37,B,37,12.3,9,,-23.4,43.4,,,
Both04 G41 T,Both,04,Both04,T,G41,G,41,12.1,7.1,small peak - error on δ15N will be higher,-24.9,50.9,,,
Both04 W39 T,Both,04,Both04,T,W39,W,39,12.8,8.2,,-23.3,40,,,
Both04 W41 T,Both,04,Both04,T,W41,W,41,13,7.5,,-22.9,33.6,,,
Both04 O43 T,Both,04,Both04,T,O43,O,43,12.6,8,,-23.2,40.3,,,
Both04 O39 T,Both,04,Both04,T,O39,O,39,12.5,3.7,small peak - error on δ15N will be higher,-27.5,68.5,,,
Both04 G43 T,Both,04,Both04,T,G43,G,43,12.5,6.5,,-21,31.6,,,
Both04 B44 T,Both,04,Both04,T,B44,B,44,13.5,4.4,small peak - error on δ15N will be higher,-27.4,68.1,,,
Both05 B57 T,Both,05,Both05,T,B57,B,57,12.6,8.4,,-25.3,61.2,,,
Both05 G59 T,Both,05,Both05,T,G59,G,59,12.9,7.4,,-23.4,43.7,,,
Both05 O53 T,Both,05,Both05,T,O53,O,53,12.6,2.6,small peak - error on δ15N will be higher,-28.1,76.7,,,
Both05 O55 T,Both,05,Both05,T,O55,O,55,12.4,6.9,,-25.4,55.6,,,
Both05 W53 T,Both,05,Both05,T,W53,W,53,12.2,4,small peak - error on δ15N will be higher,-27,63,,,
Both05 G51 T,Both,05,Both05,T,G51,G,51,12.7,5.9,small peak - error on δ15N will be higher,-25.8,48.9,,,
Both05 W57 T,Both,05,Both05,T,W57,W,57,12.9,6.2,small peak - error on δ15N will be higher,-25,49.1,,,
Both06 B65 T,Both,06,Both06,T,B65,B,65,12.9,8.7,,-22.5,38.3,,,
Both06 G69 T,Both,06,Both06,T,G69,G,69,12.6,8.1,,-24.8,49.7,,,
Both06 W63 T,Both,06,Both06,T,W63,W,63,12.5,7.4,small peak - error on δ15N will be higher,-25.6,53.1,,,
Both06 B69 T,Both,06,Both06,T,B69,B,69,12.4,6.3,small peak - error on δ15N will be higher,-25.7,52.1,,,
Both06 O72 T,Both,06,Both06,T,O72,O,72,13,9.2,,-22.5,38.2,,,
Both06 G66 T,Both,06,Both06,T,G66,G,66,13,4,small peak - error on δ15N will be higher,-27.8,70.5,,,
Both06 O63 T,Both,06,Both06,T,O63,O,63,12.7,6.6,,-26,56.3,,,
Both06 W67 T,Both,06,Both06,T,W67,W,67,11.9,1.9,small peak - error on δ15N will be higher,-28.4,77.8,,,
Cont01 B12 S,Cont,01,Cont01,S,B12,B,12,15,0.1,small peak - error on δ15N will be higher,-7.4,15.9,,,
Cont02 G23 S,Cont,02,Cont02,S,G23,G,23,13.5,0.1,small peak - error on δ15N will be higher,-7.3,15.7,,,
Cont02 W22 S,Cont,02,Cont02,S,W22,W,22,13.2,0.1,small peak - error on δ15N will be higher,-5.8,14.8,,,
Cont02 O22 S,Cont,02,Cont02,S,O22,O,22,13.2,0.1,small peak - error on δ15N will be higher,-8.9,17.2,,,
Cont02 O18 S,Cont,02,Cont02,S,O18,O,18,12.8,0.1,small peak - error on δ15N will be higher,-4.8,14.1,,,
Cont02 G13 S,Cont,02,Cont02,S,G13,G,13,13.9,0.4,,-8.7,17,,,
Cont02 G17 S,Cont,02,Cont02,S,G17,G,17,13,0.1,small peak - error on δ15N will be higher,-5.8,14.8,,,
Cont02 W23 S,Cont,02,Cont02,S,W23,W,23,12.5,0.1,small peak - error on δ15N will be higher,-8.6,17.1,,,
Cont02 B19 S,Cont,02,Cont02,S,B19,B,19,12.2,0.2,small peak - error on δ15N will be higher,-9.6,17.9,,,
Cont02 B15 S,Cont,02,Cont02,S,B15,B,15,12,0.1,small peak - error on δ15N will be higher,-6.9,15.8,,,
Cont03 B29 S,Cont,03,Cont03,S,B29,B,29,13,0.1,small peak - error on δ15N will be higher,-7.3,15.8,,,
Cont03 W31 S,Cont,03,Cont03,S,W31,W,31,11.8,0.1,small peak - error on δ15N will be higher,-7.2,15.8,,,
Cont03 W28 S,Cont,03,Cont03,S,W28,W,28,10.7,0.3,,-7.7,16.3,,,
Cont03 W29 S,Cont,03,Cont03,S,W29,W,29,11.5,0.2,,-9.2,17.4,,,
Cont03 G27 S,Cont,03,Cont03,S,G27,G,27,13.2,0.1,small peak - error on δ15N will be higher,-6.9,15.3,,,
Cont03 G34 S,Cont,03,Cont03,S,G34,G,34,12.6,0.1,small peak - error on δ15N will be higher,-5.2,14.5,,,
Cont03 O36 S,Cont,03,Cont03,S,O36,O,36,11.9,0.2,,-7.2,15.7,,,
Cont03 O34 S,Cont,03,Cont03,S,O34,O,34,12.9,0.1,small peak - error on δ15N will be higher,-9.5,17.5,,,
Cont03 B34 S,Cont,03,Cont03,S,B34,B,34,12.6,0.2,,-7.1,15.4,,,
Cont03 B25 S,Cont,03,Cont03,S,B25,B,25,12.2,0.1,small peak - error on δ15N will be higher,-8.1,16.2,,,
Cont03 G26 S,Cont,03,Cont03,S,G26,G,26,11.5,0.2,small peak - error on δ15N will be higher,-10.4,18.4,,,
Cont04 W39 S,Cont,04,Cont04,S,W39,W,39,11.7,0.2,small peak - error on δ15N will be higher,-8.6,16.7,,,
Cont04 O42 S,Cont,04,Cont04,S,O42,O,42,11.6,0.1,small peak - error on δ15N will be higher,-6.9,15.5,,,
Cont04 O44 S,Cont,04,Cont04,S,O44,O,44,11.2,0.2,small peak - error on δ15N will be higher,-6.8,15.2,,,
Cont04 G39 S,Cont,04,Cont04,S,G39,G,39,15.9,0.2,,-6.8,15.1,,,
Cont04 B43 S,Cont,04,Cont04,S,B43,B,43,13.7,0.2,,-9.2,17.1,,,
Cont04 G43 S,Cont,04,Cont04,S,G43,G,43,12.9,0.2,small peak - error on δ15N will be higher,-8,16.5,,,
Cont04 B39 S,Cont,04,Cont04,S,B39,B,39,11.8,0.2,,-9.2,17.3,,,
Cont04 W47 S,Cont,04,Cont04,S,W47,W,47,12,0.1,small peak - error on δ15N will be higher,-10.1,18.4,,,
Cont05 W56 S,Cont,05,Cont05,S,W56,W,56,12.1,0.2,,-6.9,15.7,,,
Cont05 G59 S,Cont,05,Cont05,S,G59,G,59,9,0.2,,-8.4,17.1,,,
Cont05 O60 S,Cont,05,Cont05,S,O60,O,60,11.5,0.2,small peak - error on δ15N will be higher,-8.6,17.4,,,
Cont05 G53 S,Cont,05,Cont05,S,G53,G,53,11.5,0.2,small peak - error on δ15N will be higher,-5.8,14.9,,,
Cont05 W49 S,Cont,05,Cont05,S,W49,W,49,12.3,0.2,,-9.1,17.6,,,
Cont05 B51 S,Cont,05,Cont05,S,B51,B,51,11.3,0.1,small peak - error on δ15N will be higher,-5.8,15,,,
Cont05 O52 S,Cont,05,Cont05,S,O52,O,52,7.2,0.3,,-8.5,17.1,,,
Cont05 W58 S,Cont,05,Cont05,S,W58,W,58,15.6,0.2,small peak - error on δ15N will be higher,-9.9,18.2,,,
Cont05 B49 S,Cont,05,Cont05,S,B49,B,49,10.7,0.2,,-6.8,15.6,,,
Cont06 W61 S,Cont,06,Cont06,S,W61,W,61,13,0.1,small peak - error on δ15N will be higher,-7.3,16.2,,,
Cont06 W65 S,Cont,06,Cont06,S,W65,W,65,13.6,0.2,,-8.8,17.2,,,
Cont06 B69 S,Cont,06,Cont06,S,B69,B,69,13.2,0.1,small peak - error on δ15N will be higher,-9.6,18,,,
Cont06 G65 S,Cont,06,Cont06,S,G65,G,65,11.6,0.1,small peak - error on δ15N will be higher,-7.8,16.3,,,
Cont06 O61 S,Cont,06,Cont06,S,O61,O,61,11.7,0.1,small peak - error on δ15N will be higher,-11.9,20.4,,,
Cont06 G70 S,Cont,06,Cont06,S,G70,G,70,11.4,0.1,small peak - error on δ15N will be higher,-12.3,21,,,
Cont06 B71 S,Cont,06,Cont06,S,B71,B,71,9.4,0.2,,-9.2,17.5,,,
Cont06 O68 S,Cont,06,Cont06,S,O68,O,68,12,0.1,small peak - error on δ15N will be higher,-8.9,16.9,,,
Cont06 O62 S,Cont,06,Cont06,S,O62,O,62,12.1,0.1,small peak - error on δ15N will be higher,-8,16.4,,,
Cont06 O64 S,Cont,06,Cont06,S,O64,O,64,11.7,0.1,small peak - error on δ15N will be higher,-8.7,17,,,
Warm01 B11 S,Warm,01,Warm01,S,B11,B,11,16.1,0.1,small peak - error on δ15N will be higher,-8.3,16.3,,,
Warm01 G5 S,Warm,01,Warm01,S,G5,G,5,11.7,0.2,small peak - error on δ15N will be higher,-7.7,15.9,,,
Warm01 W4 S,Warm,01,Warm01,S,W4,W,4,12.2,0.1,small peak - error on δ15N will be higher,-9.2,17.3,,,
Warm01 B3 S,Warm,01,Warm01,S,B3,B,3,12.4,0.2,small peak - error on δ15N will be higher,-9.6,17.8,,,
Warm01 G11 S,Warm,01,Warm01,S,G11,G,11,11.9,0.1,small peak - error on δ15N will be higher,-7.2,15.7,,,
Warm01 O11 S,Warm,01,Warm01,S,O11,O,11,12.3,0.2,,-8.2,16.2,,,
Warm01 W11 S,Warm,01,Warm01,S,W11,W,11,12.7,0.2,,-6.9,15.4,,,
Warm02 W19 S,Warm,02,Warm02,S,W19,W,19,12.4,0.1,small peak - error on δ15N will be higher,-9,17.1,,,
Warm02 W23 S,Warm,02,Warm02,S,W23,W,23,12.3,0.2,,-7.6,15.9,,,
Warm02 O13 S,Warm,02,Warm02,S,O13,O,13,11,0.2,small peak - error on δ15N will be higher,-10,18.4,,,
Warm02 G17 S,Warm,02,Warm02,S,G17,G,17,12.2,0.2,small peak - error on δ15N will be higher,-7,15.5,,,
Warm02 O15 S,Warm,02,Warm02,S,O15,O,15,11.2,0.1,small peak - error on δ15N will be higher,-10.1,18.1,,,
Warm02 B17 S,Warm,02,Warm02,S,B17,B,17,14.1,0.2,,-9.5,17.4,,,
Warm02 B18 S,Warm,02,Warm02,S,B18,B,18,12.5,0.1,small peak - error on δ15N will be higher,-10.8,19,,,
Warm03 G27 S,Warm,03,Warm03,S,G27,G,27,12,0.1,small peak - error on δ15N will be higher,-11.2,19.1,,,
Warm03 B27 S,Warm,03,Warm03,S,B27,B,27,12.3,0.1,small peak - error on δ15N will be higher,-9.5,17.4,,,
Warm03 O30 S,Warm,03,Warm03,S,O30,O,30,11.3,0.2,small peak - error on δ15N will be higher,-8.1,16.2,,,
Warm03 B31 S,Warm,03,Warm03,S,B31,B,31,11.4,0.2,,-9.4,17.5,,,
Warm03 W26 S,Warm,03,Warm03,S,W26,W,26,12.6,0.1,small peak - error on δ15N will be higher,-10.4,18.3,,,
Warm03 G34 S,Warm,03,Warm03,S,G34,G,34,11.8,0.1,small peak - error on δ15N will be higher,-9.7,17.4,,,
Warm03 O32 S,Warm,03,Warm03,S,O32,O,32,12.6,0.1,small peak - error on δ15N will be higher,-8.7,16.6,,,
Warm04 G40 S,Warm,04,Warm04,S,G40,G,40,11.6,0.1,small peak - error on δ15N will be higher,-7.4,15.8,,,
Warm04 O43 S,Warm,04,Warm04,S,O43,O,43,12.3,0.2,small peak - error on δ15N will be higher,-10.7,18.3,,,
Warm04 B41 S,Warm,04,Warm04,S,B41,B,41,12.2,0.2,,-9.9,17.7,,,
Hyp01 O12 S,Hyp,01,Hyp01,S,O12,O,12,17.7,0.1,small peak - error on δ15N will be higher,-7.3,15.6,,,
Hyp01 B8 S,Hyp,01,Hyp01,S,B8,B,8,13.4,0.2,,-8.1,16.3,,,
Hyp01 G5 S,Hyp,01,Hyp01,S,G5,G,5,12.1,0.2,,-8,16.1,,,
Hyp02 W17 S,Hyp,02,Hyp02,S,W17,W,17,12.9,0.2,,-8.9,16.6,,,
Hyp02 B14 S,Hyp,02,Hyp02,S,B14,B,14,13,0.2,,-7.8,15.9,,,
Hyp02 G19 S,Hyp,02,Hyp02,S,G19,G,19,12.8,0.2,small peak - error on δ15N will be higher,-9.3,17.2,,,
Hyp02 G21 S,Hyp,02,Hyp02,S,G21,G,21,12,0.2,small peak - error on δ15N will be higher,-9.2,17.4,,,
Hyp02 O19 S,Hyp,02,Hyp02,S,O19,O,19,12.8,0.2,,-9.2,16.9,,,
Hyp02 B23 S,Hyp,02,Hyp02,S,B23,B,23,11.8,0.2,small peak - error on δ15N will be higher,-8.4,16.5,,,
Hyp02 O13 S,Hyp,02,Hyp02,S,O13,O,13,11.7,0.1,small peak - error on δ15N will be higher,-8.3,16.5,,,
Hyp02 W19 S,Hyp,02,Hyp02,S,W19,W,19,10.5,0.1,small peak - error on δ15N will be higher,-7.5,15.8,,,
Hyp03 G35 S,Hyp,03,Hyp03,S,G35,G,35,12.3,0.2,small peak - error on δ15N will be higher,-9.8,17.6,,,
Hyp03 W27 S,Hyp,03,Hyp03,S,W27,W,27,17.4,0.2,small peak - error on δ15N will be higher,-9.2,17,,,
Hyp03 O28 S,Hyp,03,Hyp03,S,O28,O,28,11.7,0.2,small peak - error on δ15N will be higher,-9.1,17.3,,,
Hyp03 O25 S,Hyp,03,Hyp03,S,O25,O,25,11.8,0.1,small peak - error on δ15N will be higher,-8.1,16.2,,,
Hyp03 B29 S,Hyp,03,Hyp03,S,B29,B,29,11.2,0.2,small peak - error on δ15N will be higher,-8.2,16.8,,,
Hyp03 B25 S,Hyp,03,Hyp03,S,B25,B,25,12.1,0.2,,-8.7,16.2,,,
Hyp03 W25 S,Hyp,03,Hyp03,S,W25,W,25,12.1,0.1,small peak - error on δ15N will be higher,-7.6,16,,,
Hyp03 G27 S,Hyp,03,Hyp03,S,G27,G,27,11.7,0.1,small peak - error on δ15N will be higher,-8.7,16.6,,,
Hyp04 G47 S,Hyp,04,Hyp04,S,G47,G,47,11.1,0.1,small peak - error on δ15N will be higher,-10.5,18.2,,,
Hyp04 W41 S,Hyp,04,Hyp04,S,W41,W,41,10.6,0.1,small peak - error on δ15N will be higher,-8,16.3,,,
Hyp04 W43 S,Hyp,04,Hyp04,S,W43,W,43,11.6,0.2,,-8.5,16.4,,,
Hyp04 O43 S,Hyp,04,Hyp04,S,O43,O,43,12.2,0.1,small peak - error on δ15N will be higher,-7.1,15.5,,,
Hyp04 B45 S,Hyp,04,Hyp04,S,B45,B,45,12.8,0.2,,-9.1,17.3,,,
Hyp04 G39 S,Hyp,04,Hyp04,S,G39,G,39,12.9,0.2,,-6.5,15,,,
Hyp04 O47 S,Hyp,04,Hyp04,S,O47,O,47,12.5,0.1,small peak - error on δ15N will be higher,-6.5,15.2,,,
Hyp04 B39 S,Hyp,04,Hyp04,S,B39,B,39,11.6,0.2,small peak - error on δ15N will be higher,-8.6,16.6,,,
Hyp05 O57 S,Hyp,05,Hyp05,S,O57,O,57,11.7,0.2,,-8.9,16.8,,,
Hyp05 O53 S,Hyp,05,Hyp05,S,O53,O,53,11.7,0.2,,-7.6,15.9,,,
Hyp05 B55 S,Hyp,05,Hyp05,S,B55,B,55,12.1,0.2,,-8.2,16.3,,,
Hyp05 W51 S,Hyp,05,Hyp05,S,W51,W,51,11.6,0.2,,-7.4,15.8,,,
Hyp05 B57 S,Hyp,05,Hyp05,S,B57,B,57,12.2,0.2,,-10.3,17.5,,,
Hyp05 G54 S,Hyp,05,Hyp05,S,G54,G,54,11.9,0.2,,-6.1,14.9,,,
Hyp05 G58 S,Hyp,05,Hyp05,S,G58,G,58,11.6,0.1,small peak - error on δ15N will be higher,-9.4,17.1,,,
Hyp05 W49 S,Hyp,05,Hyp05,S,W49,W,49,11.6,0.1,small peak - error on δ15N will be higher,-8,16.3,,,
Hyp06 W71 S,Hyp,06,Hyp06,S,W71,W,71,10,0.2,,-7,15.4,,,
Hyp06 B62 S,Hyp,06,Hyp06,S,B62,B,62,13.9,0.1,small peak - error on δ15N will be higher,-6,14.7,,,
Hyp06 G67 S,Hyp,06,Hyp06,S,G67,G,67,12.8,0.1,small peak - error on δ15N will be higher,-8.8,16.5,,,
Hyp06 O65 S,Hyp,06,Hyp06,S,O65,O,65,11,0.2,,-8.7,16.5,,,
Hyp06 O63 S,Hyp,06,Hyp06,S,O63,O,63,11.1,0.2,,-10.1,17.7,,,
Hyp06 B72 S,Hyp,06,Hyp06,S,B72,B,72,10.2,0.2,small peak - error on δ15N will be higher,-6.6,14.9,,,
Hyp06 W69 S,Hyp,06,Hyp06,S,W69,W,69,10.7,0.1,small peak - error on δ15N will be higher,-7.7,15.6,,,
Hyp06 G70 S,Hyp,06,Hyp06,S,G70,G,70,12.1,0.2,,-7.1,15.4,,,
Both01 B11 S,Both,01,Both01,S,B11,B,11,11.5,0.2,,-7.2,15.5,,,
Both01 G12 S,Both,01,Both01,S,G12,G,12,11.3,0.1,small peak - error on δ15N will be higher,-6.8,15.2,,,
Both01 W9 S,Both,01,Both01,S,W9,W,9,11.6,0.2,,-7.3,15.4,,,
Both01 W5 S,Both,01,Both01,S,W5,W,5,11.6,0.2,small peak - error on δ15N will be higher,-7.2,15.4,,,
Both01 B1 S,Both,01,Both01,S,B1,B,1,12.1,0.2,,-8.4,16.2,,,
Both01 G2 S,Both,01,Both01,S,G2 ,G,2,15.4,0.2,,-9.5,17,,,
Both01 O9 S,Both,01,Both01,S,O9 ,O,9,12.4,0.2,small peak - error on δ15N will be higher,-8.6,16.3,,,
Both01 O11 S,Both,01,Both01,S,O11,O,11,11.3,0.1,small peak - error on δ15N will be higher,-6.7,15,,,
Both02 O15 S,Both,02,Both02,S,O15,O,15,11.8,0.2,small peak - error on δ15N will be higher,-8.3,16.5,,,
Both02 W13 S,Both,02,Both02,S,W13,W,13,12.4,0.2,,-9.8,17.4,,,
Both02 W20 S,Both,02,Both02,S,W20,W,20,11.9,0.2,,-12.2,19.6,,,
Both02 G19 S,Both,02,Both02,S,G19,G,19,9.7,0.1,small peak - error on δ15N will be higher,-7.8,15.7,,,
Both02 B17 S,Both,02,Both02,S,B17,B,17,11.7,0.1,small peak - error on δ15N will be higher,-6.6,14.9,,,
Both02 B15 S,Both,02,Both02,S,B15,B,15,11.3,0.1,small peak - error on δ15N will be higher,-7.8,15.8,,,
Both02 G13 S,Both,02,Both02,S,G13,G,13,12.5,0.1,small peak - error on δ15N will be higher,-8.6,16.4,,,
Both03 W27 S,Both,03,Both03,S,W27,W,27,12.5,0.2,,-10,17.5,,,
Both03 O29 S,Both,03,Both03,S,O29,O,29,11.3,0.1,small peak - error on δ15N will be higher,-7.6,15.8,,,
Both03 B27 S,Both,03,Both03,S,B27,B,27,14.2,0.2,,-9.4,17.2,,,
Both03 O33 S,Both,03,Both03,S,O33,O,33,11.7,0.2,small peak - error on δ15N will be higher,-6.9,15.1,,,
Both03 B31 S,Both,03,Both03,S,B31,B,31,12.9,0.2,,-11.7,18.9,,,
Both03 G31 S,Both,03,Both03,S,G31,G,31,11.8,0.1,small peak - error on δ15N will be higher,-10.6,18.2,,,
Both03 G33 S,Both,03,Both03,S,G33,G,33,12.2,0.2,,-8.4,15.9,,,
Both03 W35 S,Both,03,Both03,S,W35,W,35,12.4,0.2,,-7.6,15.8,,,
Both04 B37 S,Both,04,Both04,S,B37,B,37,12,0.2,small peak - error on δ15N will be higher,-9.6,17.2,,,
Both04 G41 S,Both,04,Both04,S,G41,G,41,11.9,0.2,,-8.3,16.2,,,
Both04 W39 S,Both,04,Both04,S,W39,W,39,11.6,0.2,small peak - error on δ15N will be higher,-7.2,15.4,,,
Both04 W41 S,Both,04,Both04,S,W41,W,41,13.2,0.4,,-7,15.5,,,
Both04 O43 S,Both,04,Both04,S,O43,O,43,12.9,0.2,small peak - error on δ15N will be higher,-9.4,17.3,,,
Both04 O39 S,Both,04,Both04,S,O39,O,39,9.7,0.1,small peak - error on δ15N will be higher,-9.9,18,,,
Warm04 G37 S,Warm,04,Warm04,S,G37,G,37,14.8,0.1,small peak - error on δ15N will be higher,-11.1,19.5,,,
Warm04 B43 S,Warm,04,Warm04,S,B43,B,43,13,0.2,,-9.9,18.5,,,
Warm04 W39 S,Warm,04,Warm04,S,W39,W,39,10.2,0.2,,-10.4,19,,,
Warm04 O47 S,Warm,04,Warm04,S,O47,O,47,12.6,0.2,,-10.2,18.5,,,
Warm04 W37 S,Warm,04,Warm04,S,W37,W,37,13.2,0.1,small peak - error on δ15N will be higher,-9.3,17.7,,,
Warm05 O57 S,Warm,05,Warm05,S,O57,O,57,12,0.2,,-7.9,16.8,,,
Warm05 B60 S,Warm,05,Warm05,S,B60,B,60,13.1,0.2,,-8.6,17.2,,,
Warm05 O53 S,Warm,05,Warm05,S,O53,O,53,12.6,0.2,,-8.3,17.3,,,
Warm05 W49 S,Warm,05,Warm05,S,W49,W,49,11.8,0.2,small peak - error on δ15N will be higher,-9.4,18.5,,,
Warm05 W59 S,Warm,05,Warm05,S,W59,W,59,12.4,0.1,small peak - error on δ15N will be higher,-7.2,16.3,,,
Warm05 B58 S,Warm,05,Warm05,S,B58,B,58,12.9,0.2,small peak - error on δ15N will be higher,-7.8,16.8,,,
Warm05 G59 S,Warm,05,Warm05,S,G59,G,59,12.7,0.2,small peak - error on δ15N will be higher,-8.6,17.4,,,
Warm05 G57 S,Warm,05,Warm05,S,G57,G,57,12.5,0.1,small peak - error on δ15N will be higher,-6.3,15.8,,,
Warm06 O61 S,Warm,06,Warm06,S,O61,O,61,16.4,0.2,,-9.2,17.6,,,
Warm06 O64 S,Warm,06,Warm06,S,O64,O,64,13.3,0.1,small peak - error on δ15N will be higher,-7.2,16.1,,,
Warm06 B70 S,Warm,06,Warm06,S,B70,B,70,12.4,0.2,small peak - error on δ15N will be higher,-9.9,18.9,,,
Warm06 B62 S,Warm,06,Warm06,S,B62,B,62,13.1,0.2,,-7.7,16.5,,,
Warm06 G65 S,Warm,06,Warm06,S,G65,G,65,12.5,0.2,,-7.3,16.2,,,
Warm06 G67 S,Warm,06,Warm06,S,G67,G,67,11.5,0.2,,-9,17.6,,,
Warm06 W65 S,Warm,06,Warm06,S,W65,W,65,12.9,0.1,small peak - error on δ15N will be higher,-8.9,18.1,,,
Warm06 W69 S,Warm,06,Warm06,S,W69,W,69,12.1,0.1,small peak - error on δ15N will be higher,-8.8,17.6,,,
Hyp01 G1 S,Hyp,01,Hyp01,S,G1,G,1,12.6,0.1,small peak - error on δ15N will be higher,-8,16.5,,,
Hyp01 W8 S,Hyp,01,Hyp01,S,W8,W,8,13.5,0.1,small peak - error on δ15N will be higher,-10.9,19.9,,,
Hyp01 O5 S,Hyp,01,Hyp01,S,O5,O,5,12.6,0.2,,-7.6,16.6,,,
Hyp01 W9 S,Hyp,01,Hyp01,S,W9,W,9,12.8,0.1,small peak - error on δ15N will be higher,-10.8,19.9,,,
Hyp01 B5 S,Hyp,01,Hyp01,S,B5,B,5,10,0.2,,-8,17,,,
Both04 G43 S,Both,04,Both04,S,G43,G,43,16.4,0.2,,-7,15.7,,,
Both04 B44 S,Both,04,Both04,S,B44,B,44,13.5,0.1,small peak - error on δ15N will be higher,-9.5,17.8,,,
Both05 B57 S,Both,05,Both05,S,B57,B,57,13.2,0.1,small peak - error on δ15N will be higher,-9.2,17.7,,,
Both05 G59 S,Both,05,Both05,S,G59,G,59,12.7,0.2,small peak - error on δ15N will be higher,-8.4,16.8,,,
Both05 O53 S,Both,05,Both05,S,O53,O,53,9.1,0.2,,-10.8,18.8,,,
Both05 O55 S,Both,05,Both05,S,O55,O,55,8.5,0.2,,-10.2,18.1,,,
Both05 W53 S,Both,05,Both05,S,W53,W,53,11.8,0.1,small peak - error on δ15N will be higher,-6.6,15.6,,,
Both05 G51 S,Both,05,Both05,S,G51,G,51,13.2,0.2,,-8.4,16.7,,,
Both05 W57 S,Both,05,Both05,S,W57,W,57,12.5,0.2,,-7.7,15.8,,,
Both06 B65 S,Both,06,Both06,S,B65,B,65,11.6,0.2,,-7,15.7,,,
Both06 G69 S,Both,06,Both06,S,G69,G,69,12.1,0.1,small peak - error on δ15N will be higher,-9.5,17.9,,,
Both06 W63 S,Both,06,Both06,S,W63,W,63,11.6,0.2,small peak - error on δ15N will be higher,-9.8,17.9,,,
Both06 B69 S,Both,06,Both06,S,B69,B,69,11.3,0.2,small peak - error on δ15N will be higher,-9.1,17.6,,,
Both06 O72 S,Both,06,Both06,S,O72,O,72,15,0.2,small peak - error on δ15N will be higher,-6.2,15,,,
Both06 G66 S,Both,06,Both06,S,G66,G,66,9,0.2,,-9.8,18,,,
Both06 O63 S,Both,06,Both06,S,O63,O,63,13,0.1,small peak - error on δ15N will be higher,-10.5,18.6,,,
Both06 W67 S,Both,06,Both06,S,W67,W,67,12.1,0.1,small peak - error on δ15N will be higher,-9.6,17.8,,,